timestamp_unix,topic,value
1783621304.696,/node/cpu_percent,2.518892
1783621305.196,/node/cpu_percent,2.005013
1783621305.698,/node/cpu_percent,1.256281
1783621306.196,/node/cpu_percent,0.750000
1783621306.696,/node/cpu_percent,13.283208
1783621307.195,/node/cpu_percent,15.538847
1783621307.696,/node/cpu_percent,10.199005
1783621308.196,/node/cpu_percent,1.496259
1783621308.696,/node/cpu_percent,1.250000
1783621309.196,/node/cpu_percent,2.506266
1783621309.698,/node/cpu_percent,4.260652
1783621310.197,/node/cpu_percent,2.763819
1783621310.696,/node/cpu_percent,2.500000
1783621311.197,/node/cpu_percent,3.768844
1783621311.697,/node/cpu_percent,2.500000
1783621312.196,/node/cpu_percent,1.005025
1783621312.696,/node/cpu_percent,0.753769
1783621313.196,/node/cpu_percent,1.002506
1783621313.697,/node/cpu_percent,2.238806
1783621314.196,/node/cpu_percent,1.002506
1783621314.697,/node/cpu_percent,1.002506
1783621315.199,/node/cpu_percent,1.005025
1783621315.698,/node/cpu_percent,1.005025
1783621316.196,/node/cpu_percent,1.000000
1783621316.697,/node/cpu_percent,14.070352
1783621317.199,/node/cpu_percent,15.829145
1783621317.697,/node/cpu_percent,10.579345
1783621318.197,/node/cpu_percent,1.250000
1783621318.699,/node/cpu_percent,1.990050
1783621319.199,/node/cpu_percent,1.253133
1783621319.697,/node/cpu_percent,3.007519
1783621320.196,/node/cpu_percent,2.255639
1783621320.699,/node/cpu_percent,1.005025
1783621321.196,/node/cpu_percent,2.750000
1783621321.695,/node/cpu_percent,1.758794
1783621322.197,/node/cpu_percent,11.083123
1783621322.696,/node/cpu_percent,4.545455
1783621323.198,/node/cpu_percent,1.253133
1783621323.696,/node/cpu_percent,9.250000
1783621324.196,/node/cpu_percent,1.250000
1783621324.699,/node/cpu_percent,3.740648
1783621325.198,/node/cpu_percent,1.745636
1783621325.696,/node/cpu_percent,1.253133
1783621326.198,/node/cpu_percent,1.002506
1783621326.696,/node/cpu_percent,13.500000
1783621327.197,/node/cpu_percent,16.290728
1783621327.697,/node/cpu_percent,11.278195
1783621328.196,/node/cpu_percent,1.496259
1783621328.697,/node/cpu_percent,1.253133
1783621329.196,/node/cpu_percent,1.253133
1783621329.696,/node/cpu_percent,1.507538
1783621330.196,/node/cpu_percent,2.005013
1783621330.696,/node/cpu_percent,2.015113
1783621331.197,/node/cpu_percent,3.740648
1783621331.696,/node/cpu_percent,1.253133
1783621332.196,/node/cpu_percent,0.751880
1783621332.696,/node/cpu_percent,1.002506
1783621333.196,/node/cpu_percent,1.492537
1783621333.698,/node/cpu_percent,2.244389
1783621334.196,/node/cpu_percent,0.755668
1783621334.702,/node/cpu_percent,2.512563
1783621335.198,/node/cpu_percent,1.250000
1783621335.698,/node/cpu_percent,1.503759
1783621336.198,/node/cpu_percent,1.000000
1783621336.696,/node/cpu_percent,14.500000
1783621337.195,/node/cpu_percent,15.577889
1783621337.696,/node/cpu_percent,7.575758
1783621338.196,/node/cpu_percent,1.000000
1783621338.696,/node/cpu_percent,1.995013
1783621339.195,/node/cpu_percent,0.753769
1783621339.696,/node/cpu_percent,2.487562
1783621340.195,/node/cpu_percent,3.266332
1783621340.695,/node/cpu_percent,1.262626
1783621341.196,/node/cpu_percent,4.488778
1783621341.695,/node/cpu_percent,2.010050
1783621342.197,/node/cpu_percent,2.722772
1783621342.696,/node/cpu_percent,1.754386
1783621343.196,/node/cpu_percent,1.990050
1783621343.695,/node/cpu_percent,2.238806
1783621344.195,/node/cpu_percent,0.751880
1783621344.695,/node/cpu_percent,1.256281
1783621345.195,/node/cpu_percent,2.000000
1783621345.698,/node/cpu_percent,1.750000
1783621346.195,/node/cpu_percent,1.000000
1783621346.695,/node/cpu_percent,14.214464
1783621347.195,/node/cpu_percent,16.040100
1783621347.697,/node/cpu_percent,9.181142
1783621348.197,/node/cpu_percent,1.250000
1783621348.695,/node/cpu_percent,1.745636
1783621349.194,/node/cpu_percent,1.500000
1783621349.694,/node/cpu_percent,3.250000
1783621350.196,/node/cpu_percent,2.005013
1783621350.695,/node/cpu_percent,1.253133
1783621351.194,/node/cpu_percent,3.241895
1783621351.694,/node/cpu_percent,3.750000
1783621352.196,/node/cpu_percent,0.753769
1783621352.696,/node/cpu_percent,1.246883
1783621353.194,/node/cpu_percent,1.253133
1783621353.696,/node/cpu_percent,1.503759
1783621354.196,/node/cpu_percent,1.000000
1783621354.696,/node/cpu_percent,1.745636
1783621355.196,/node/cpu_percent,1.745636
1783621355.694,/node/cpu_percent,0.753769
1783621356.194,/node/cpu_percent,1.000000
1783621356.696,/node/cpu_percent,14.070352
1783621357.194,/node/cpu_percent,16.250000
1783621357.694,/node/cpu_percent,12.781955
1783621358.194,/node/cpu_percent,1.256281
1783621358.694,/node/cpu_percent,1.995013
1783621359.194,/node/cpu_percent,2.000000
1783621359.696,/node/cpu_percent,1.503759
1783621360.194,/node/cpu_percent,2.244389
1783621360.694,/node/cpu_percent,1.250000
1783621361.193,/node/cpu_percent,1.253133
1783621361.693,/node/cpu_percent,3.500000
1783621362.195,/node/cpu_percent,0.753769
1783621362.693,/node/cpu_percent,1.005025
1783621363.195,/node/cpu_percent,1.250000
1783621363.695,/node/cpu_percent,1.500000
1783621364.195,/node/cpu_percent,1.503759
1783621364.695,/node/cpu_percent,2.255639
1783621365.193,/node/cpu_percent,2.500000
1783621365.694,/node/cpu_percent,1.990050
1783621366.196,/node/cpu_percent,0.753769
1783621366.693,/node/cpu_percent,12.846348
1783621367.194,/node/cpu_percent,15.829145
1783621367.692,/node/cpu_percent,15.000000
1783621368.193,/node/cpu_percent,1.745636
1783621368.692,/node/cpu_percent,1.250000
1783621369.193,/node/cpu_percent,2.267003
1783621369.692,/node/cpu_percent,4.010025
1783621370.192,/node/cpu_percent,2.750000
1783621370.693,/node/cpu_percent,1.758794
1783621371.193,/node/cpu_percent,1.503759
1783621371.692,/node/cpu_percent,3.282828
1783621372.194,/node/cpu_percent,2.238806
1783621372.692,/node/cpu_percent,1.007557
1783621373.192,/node/cpu_percent,1.000000
1783621373.692,/node/cpu_percent,2.005013
1783621374.192,/node/cpu_percent,1.246883
1783621374.692,/node/cpu_percent,0.757576
1783621375.191,/node/cpu_percent,1.500000
1783621375.692,/node/cpu_percent,1.500000
1783621376.192,/node/cpu_percent,1.000000
1783621376.693,/node/cpu_percent,14.321608
1783621377.192,/node/cpu_percent,15.075377
1783621377.692,/node/cpu_percent,11.779449
1783621378.193,/node/cpu_percent,1.736973
1783621378.691,/node/cpu_percent,1.507538
1783621379.193,/node/cpu_percent,2.493766
1783621379.692,/node/cpu_percent,2.020202
1783621380.192,/node/cpu_percent,1.511335
1783621380.694,/node/cpu_percent,0.751880
1783621381.191,/node/cpu_percent,3.990025
1783621381.691,/node/cpu_percent,4.260652
1783621382.191,/node/cpu_percent,11.442786
1783621382.691,/node/cpu_percent,5.555555
1783621383.191,/node/cpu_percent,1.500000
1783621383.691,/node/cpu_percent,9.500000
1783621384.193,/node/cpu_percent,0.755668
1783621384.691,/node/cpu_percent,1.990050
1783621385.193,/node/cpu_percent,0.755668
1783621385.692,/node/cpu_percent,1.005025
1783621386.191,/node/cpu_percent,1.000000
1783621386.691,/node/cpu_percent,13.784461
1783621387.191,/node/cpu_percent,15.829145
1783621387.692,/node/cpu_percent,9.750000
1783621388.191,/node/cpu_percent,1.741294
1783621388.689,/node/cpu_percent,0.755668
1783621389.191,/node/cpu_percent,1.745636
1783621389.691,/node/cpu_percent,1.253133
1783621390.190,/node/cpu_percent,1.763224
1783621390.691,/node/cpu_percent,1.007557
1783621391.191,/node/cpu_percent,1.005025
1783621391.690,/node/cpu_percent,3.250000
1783621392.190,/node/cpu_percent,1.005025
1783621392.690,/node/cpu_percent,0.750000
1783621393.189,/node/cpu_percent,0.755668
1783621393.690,/node/cpu_percent,1.496259
1783621394.191,/node/cpu_percent,1.259446
1783621394.692,/node/cpu_percent,1.767677
1783621395.189,/node/cpu_percent,1.990050
1783621395.688,/node/cpu_percent,1.253133
1783621396.190,/node/cpu_percent,1.995013
1783621396.691,/node/cpu_percent,14.676617
1783621397.190,/node/cpu_percent,15.326633
1783621397.690,/node/cpu_percent,9.798995
1783621398.189,/node/cpu_percent,1.250000
1783621398.690,/node/cpu_percent,1.500000
1783621399.191,/node/cpu_percent,2.255639
1783621399.690,/node/cpu_percent,1.503759
1783621400.190,/node/cpu_percent,2.272727
1783621400.690,/node/cpu_percent,1.758794
1783621401.189,/node/cpu_percent,2.250000
1783621401.691,/node/cpu_percent,3.759398
1783621402.190,/node/cpu_percent,1.754386
1783621402.690,/node/cpu_percent,1.250000
1783621403.190,/node/cpu_percent,1.500000
1783621403.690,/node/cpu_percent,1.253133
1783621404.189,/node/cpu_percent,1.253133
1783621404.689,/node/cpu_percent,1.005025
1783621405.189,/node/cpu_percent,1.500000
1783621405.690,/node/cpu_percent,0.753769
1783621406.190,/node/cpu_percent,1.750000
1783621406.691,/node/cpu_percent,13.032581
1783621407.190,/node/cpu_percent,15.365239
1783621407.690,/node/cpu_percent,9.476309
1783621408.189,/node/cpu_percent,1.002506
1783621408.687,/node/cpu_percent,1.500000
1783621409.191,/node/cpu_percent,0.753769
1783621409.688,/node/cpu_percent,2.763819
1783621410.189,/node/cpu_percent,1.262626
1783621410.689,/node/cpu_percent,3.731343
1783621411.188,/node/cpu_percent,1.507538
1783621411.690,/node/cpu_percent,1.511335
1783621412.195,/node/cpu_percent,1.745636
1783621412.688,/node/cpu_percent,0.753769
1783621413.188,/node/cpu_percent,1.496259
1783621413.689,/node/cpu_percent,1.750000
1783621414.188,/node/cpu_percent,1.253133
1783621414.688,/node/cpu_percent,1.496259
1783621415.188,/node/cpu_percent,1.500000
1783621415.688,/node/cpu_percent,1.002506
1783621416.187,/node/cpu_percent,1.002506
1783621416.688,/node/cpu_percent,13.283208
1783621417.188,/node/cpu_percent,15.617128
1783621417.689,/node/cpu_percent,13.316583
1783621418.188,/node/cpu_percent,1.745636
1783621418.686,/node/cpu_percent,1.253133
1783621419.188,/node/cpu_percent,2.992519
1783621419.688,/node/cpu_percent,2.255639
1783621420.188,/node/cpu_percent,3.500000
1783621420.689,/node/cpu_percent,1.002506
1783621421.187,/node/cpu_percent,1.002506
1783621421.690,/node/cpu_percent,3.250000
1783621422.187,/node/cpu_percent,1.256281
1783621422.687,/node/cpu_percent,1.741294
1783621423.189,/node/cpu_percent,0.755668
1783621423.689,/node/cpu_percent,1.250000
1783621424.187,/node/cpu_percent,1.010101
1783621424.687,/node/cpu_percent,2.985075
1783621425.187,/node/cpu_percent,2.261307
1783621425.686,/node/cpu_percent,0.751880
1783621426.188,/node/cpu_percent,0.753769
1783621426.687,/node/cpu_percent,13.316583
1783621427.187,/node/cpu_percent,15.500000
1783621427.687,/node/cpu_percent,6.281407
1783621428.188,/node/cpu_percent,1.005025
1783621428.685,/node/cpu_percent,1.500000
1783621429.188,/node/cpu_percent,3.712871
1783621429.687,/node/cpu_percent,3.526448
1783621430.186,/node/cpu_percent,2.512563
1783621430.687,/node/cpu_percent,2.250000
1783621431.186,/node/cpu_percent,2.493766
1783621431.687,/node/cpu_percent,4.000000
1783621432.186,/node/cpu_percent,1.256281
1783621432.686,/node/cpu_percent,1.500000
1783621433.186,/node/cpu_percent,0.755668
1783621433.686,/node/cpu_percent,1.496259
1783621434.187,/node/cpu_percent,0.252525
1783621434.688,/node/cpu_percent,1.496259
1783621435.186,/node/cpu_percent,1.005025
1783621435.686,/node/cpu_percent,1.000000
1783621436.185,/node/cpu_percent,1.250000
1783621436.686,/node/cpu_percent,14.500000
1783621437.186,/node/cpu_percent,15.461347
1783621437.686,/node/cpu_percent,13.250000
1783621438.185,/node/cpu_percent,1.256281
1783621438.685,/node/cpu_percent,3.500000
1783621439.185,/node/cpu_percent,2.244389
1783621439.686,/node/cpu_percent,2.756892
1783621440.187,/node/cpu_percent,3.258145
1783621440.686,/node/cpu_percent,1.002506
1783621441.186,/node/cpu_percent,1.007557
1783621441.686,/node/cpu_percent,3.007519
1783621442.186,/node/cpu_percent,5.250000
1783621442.686,/node/cpu_percent,10.447762
1783621443.186,/node/cpu_percent,4.738154
1783621443.686,/node/cpu_percent,4.477612
1783621444.186,/node/cpu_percent,1.754386
1783621444.686,/node/cpu_percent,1.250000
1783621445.188,/node/cpu_percent,1.500000
1783621445.687,/node/cpu_percent,1.002506
1783621446.186,/node/cpu_percent,1.256281
1783621446.687,/node/cpu_percent,13.750000
1783621447.186,/node/cpu_percent,16.750000
1783621447.686,/node/cpu_percent,10.101010
1783621448.186,/node/cpu_percent,1.500000
1783621448.686,/node/cpu_percent,1.002506
1783621449.186,/node/cpu_percent,1.750000
1783621449.686,/node/cpu_percent,0.751880
1783621450.186,/node/cpu_percent,2.750000
1783621450.686,/node/cpu_percent,1.005025
1783621451.186,/node/cpu_percent,1.253133
1783621451.686,/node/cpu_percent,1.250000
1783621452.187,/node/cpu_percent,3.007519
1783621452.689,/node/cpu_percent,0.751880
1783621453.186,/node/cpu_percent,1.503759
1783621453.686,/node/cpu_percent,1.250000
1783621454.187,/node/cpu_percent,2.244389
1783621454.689,/node/cpu_percent,2.255639
1783621455.186,/node/cpu_percent,1.503759
1783621455.686,/node/cpu_percent,1.002506
1783621456.186,/node/cpu_percent,1.250000
1783621456.688,/node/cpu_percent,14.285714
1783621457.186,/node/cpu_percent,15.151515
1783621457.686,/node/cpu_percent,7.231920
1783621458.186,/node/cpu_percent,1.500000
1783621458.686,/node/cpu_percent,1.256281
1783621459.185,/node/cpu_percent,1.500000
1783621459.688,/node/cpu_percent,1.750000
1783621460.187,/node/cpu_percent,3.508772
1783621460.687,/node/cpu_percent,1.256281
1783621461.187,/node/cpu_percent,2.005013
1783621461.686,/node/cpu_percent,1.511335
1783621462.187,/node/cpu_percent,3.517588
1783621462.687,/node/cpu_percent,1.253133
1783621463.187,/node/cpu_percent,1.503759
1783621463.688,/node/cpu_percent,1.745636
1783621464.188,/node/cpu_percent,0.751880
1783621464.687,/node/cpu_percent,1.253133
1783621465.187,/node/cpu_percent,1.259446
1783621465.687,/node/cpu_percent,1.496259
1783621466.187,/node/cpu_percent,1.002506
1783621466.687,/node/cpu_percent,15.500000
1783621467.187,/node/cpu_percent,16.417910
1783621467.687,/node/cpu_percent,10.886076
1783621468.187,/node/cpu_percent,1.741294
1783621468.687,/node/cpu_percent,1.500000
1783621469.187,/node/cpu_percent,1.253133
1783621469.687,/node/cpu_percent,2.512563
1783621470.187,/node/cpu_percent,2.005013
1783621470.689,/node/cpu_percent,1.253133
1783621471.188,/node/cpu_percent,0.755668
1783621471.689,/node/cpu_percent,1.741294
1783621472.189,/node/cpu_percent,2.743142
1783621472.688,/node/cpu_percent,0.753769
1783621473.187,/node/cpu_percent,1.507538
1783621473.687,/node/cpu_percent,1.250000
1783621474.187,/node/cpu_percent,1.500000
1783621474.688,/node/cpu_percent,1.005025
1783621475.187,/node/cpu_percent,1.500000
1783621475.687,/node/cpu_percent,0.502513
1783621476.188,/node/cpu_percent,1.250000
1783621476.687,/node/cpu_percent,13.853905
1783621477.187,/node/cpu_percent,14.861461
1783621477.687,/node/cpu_percent,10.696517
1783621478.187,/node/cpu_percent,1.010101
1783621478.689,/node/cpu_percent,1.000000
1783621479.187,/node/cpu_percent,2.250000
1783621479.687,/node/cpu_percent,0.751880
1783621480.187,/node/cpu_percent,3.759398
1783621480.688,/node/cpu_percent,0.751880
1783621481.187,/node/cpu_percent,0.755668
1783621481.687,/node/cpu_percent,1.250000
1783621482.188,/node/cpu_percent,3.250000
1783621482.687,/node/cpu_percent,0.751880
1783621483.187,/node/cpu_percent,1.503759
1783621483.687,/node/cpu_percent,1.002506
1783621484.188,/node/cpu_percent,1.503759
1783621304.699,/node/gpu_percent,0.000000
1783621305.199,/node/gpu_percent,0.000000
1783621305.698,/node/gpu_percent,0.000000
1783621306.199,/node/gpu_percent,0.000000
1783621306.699,/node/gpu_percent,0.000000
1783621307.199,/node/gpu_percent,0.000000
1783621307.699,/node/gpu_percent,0.000000
1783621308.198,/node/gpu_percent,0.000000
1783621308.698,/node/gpu_percent,0.000000
1783621309.199,/node/gpu_percent,0.000000
1783621309.699,/node/gpu_percent,0.000000
1783621310.199,/node/gpu_percent,0.000000
1783621310.699,/node/gpu_percent,0.000000
1783621311.201,/node/gpu_percent,0.000000
1783621311.699,/node/gpu_percent,0.000000
1783621312.198,/node/gpu_percent,0.000000
1783621312.699,/node/gpu_percent,0.000000
1783621313.199,/node/gpu_percent,0.000000
1783621313.700,/node/gpu_percent,0.000000
1783621314.199,/node/gpu_percent,0.000000
1783621314.699,/node/gpu_percent,0.000000
1783621315.201,/node/gpu_percent,0.000000
1783621315.701,/node/gpu_percent,0.000000
1783621316.200,/node/gpu_percent,0.000000
1783621316.699,/node/gpu_percent,0.000000
1783621317.199,/node/gpu_percent,0.000000
1783621317.699,/node/gpu_percent,0.000000
1783621318.201,/node/gpu_percent,0.000000
1783621318.701,/node/gpu_percent,0.000000
1783621319.200,/node/gpu_percent,0.000000
1783621319.699,/node/gpu_percent,0.000000
1783621320.199,/node/gpu_percent,0.000000
1783621320.702,/node/gpu_percent,0.000000
1783621321.199,/node/gpu_percent,0.000000
1783621321.696,/node/gpu_percent,0.000000
1783621322.199,/node/gpu_percent,0.000000
1783621322.700,/node/gpu_percent,0.000000
1783621323.198,/node/gpu_percent,0.000000
1783621323.699,/node/gpu_percent,0.000000
1783621324.198,/node/gpu_percent,0.000000
1783621324.700,/node/gpu_percent,0.000000
1783621325.198,/node/gpu_percent,0.000000
1783621325.699,/node/gpu_percent,0.000000
1783621326.199,/node/gpu_percent,0.000000
1783621326.699,/node/gpu_percent,0.000000
1783621327.199,/node/gpu_percent,0.000000
1783621327.699,/node/gpu_percent,0.000000
1783621328.199,/node/gpu_percent,0.000000
1783621328.699,/node/gpu_percent,0.000000
1783621329.200,/node/gpu_percent,0.000000
1783621329.699,/node/gpu_percent,0.000000
1783621330.200,/node/gpu_percent,0.000000
1783621330.699,/node/gpu_percent,0.000000
1783621331.202,/node/gpu_percent,0.000000
1783621331.700,/node/gpu_percent,0.000000
1783621332.200,/node/gpu_percent,0.000000
1783621332.699,/node/gpu_percent,0.000000
1783621333.200,/node/gpu_percent,0.000000
1783621333.699,/node/gpu_percent,0.000000
1783621334.198,/node/gpu_percent,0.000000
1783621334.702,/node/gpu_percent,0.000000
1783621335.199,/node/gpu_percent,0.000000
1783621335.698,/node/gpu_percent,0.000000
1783621336.199,/node/gpu_percent,0.000000
1783621336.699,/node/gpu_percent,0.000000
1783621337.198,/node/gpu_percent,0.000000
1783621337.698,/node/gpu_percent,0.000000
1783621338.197,/node/gpu_percent,0.000000
1783621338.698,/node/gpu_percent,0.000000
1783621339.199,/node/gpu_percent,0.000000
1783621339.698,/node/gpu_percent,0.000000
1783621340.197,/node/gpu_percent,0.000000
1783621340.698,/node/gpu_percent,0.000000
1783621341.198,/node/gpu_percent,0.000000
1783621341.699,/node/gpu_percent,0.000000
1783621342.197,/node/gpu_percent,0.000000
1783621342.698,/node/gpu_percent,0.000000
1783621343.201,/node/gpu_percent,0.000000
1783621343.699,/node/gpu_percent,0.000000
1783621344.197,/node/gpu_percent,0.000000
1783621344.700,/node/gpu_percent,0.000000
1783621345.199,/node/gpu_percent,0.000000
1783621345.698,/node/gpu_percent,0.000000
1783621346.197,/node/gpu_percent,0.000000
1783621346.697,/node/gpu_percent,0.000000
1783621347.200,/node/gpu_percent,0.000000
1783621347.699,/node/gpu_percent,0.000000
1783621348.200,/node/gpu_percent,0.000000
1783621348.697,/node/gpu_percent,0.000000
1783621349.197,/node/gpu_percent,0.000000
1783621349.697,/node/gpu_percent,0.000000
1783621350.196,/node/gpu_percent,0.000000
1783621350.700,/node/gpu_percent,0.000000
1783621351.198,/node/gpu_percent,0.000000
1783621351.697,/node/gpu_percent,0.000000
1783621352.196,/node/gpu_percent,0.000000
1783621352.697,/node/gpu_percent,0.000000
1783621353.198,/node/gpu_percent,0.000000
1783621353.697,/node/gpu_percent,0.000000
1783621354.196,/node/gpu_percent,0.000000
1783621354.699,/node/gpu_percent,0.000000
1783621355.196,/node/gpu_percent,0.000000
1783621355.696,/node/gpu_percent,0.000000
1783621356.196,/node/gpu_percent,0.000000
1783621356.696,/node/gpu_percent,0.000000
1783621357.196,/node/gpu_percent,0.000000
1783621357.697,/node/gpu_percent,0.000000
1783621358.196,/node/gpu_percent,0.000000
1783621358.696,/node/gpu_percent,0.000000
1783621359.196,/node/gpu_percent,0.000000
1783621359.698,/node/gpu_percent,0.000000
1783621360.196,/node/gpu_percent,0.000000
1783621360.696,/node/gpu_percent,0.000000
1783621361.197,/node/gpu_percent,0.000000
1783621361.696,/node/gpu_percent,0.000000
1783621362.198,/node/gpu_percent,0.000000
1783621362.695,/node/gpu_percent,0.000000
1783621363.195,/node/gpu_percent,0.000000
1783621363.695,/node/gpu_percent,0.000000
1783621364.196,/node/gpu_percent,0.000000
1783621364.695,/node/gpu_percent,0.000000
1783621365.197,/node/gpu_percent,0.000000
1783621365.697,/node/gpu_percent,0.000000
1783621366.196,/node/gpu_percent,0.000000
1783621366.696,/node/gpu_percent,0.000000
1783621367.196,/node/gpu_percent,0.000000
1783621367.693,/node/gpu_percent,0.000000
1783621368.195,/node/gpu_percent,0.000000
1783621368.695,/node/gpu_percent,0.000000
1783621369.195,/node/gpu_percent,0.000000
1783621369.696,/node/gpu_percent,0.000000
1783621370.196,/node/gpu_percent,0.000000
1783621370.698,/node/gpu_percent,0.000000
1783621371.196,/node/gpu_percent,0.000000
1783621371.696,/node/gpu_percent,0.000000
1783621372.197,/node/gpu_percent,0.000000
1783621372.696,/node/gpu_percent,0.000000
1783621373.194,/node/gpu_percent,0.000000
1783621373.695,/node/gpu_percent,0.000000
1783621374.194,/node/gpu_percent,0.000000
1783621374.694,/node/gpu_percent,0.000000
1783621375.192,/node/gpu_percent,0.000000
1783621375.694,/node/gpu_percent,0.000000
1783621376.194,/node/gpu_percent,0.000000
1783621376.696,/node/gpu_percent,0.000000
1783621377.194,/node/gpu_percent,0.000000
1783621377.695,/node/gpu_percent,0.000000
1783621378.197,/node/gpu_percent,0.000000
1783621378.693,/node/gpu_percent,0.000000
1783621379.196,/node/gpu_percent,0.000000
1783621379.694,/node/gpu_percent,0.000000
1783621380.195,/node/gpu_percent,0.000000
1783621380.695,/node/gpu_percent,0.000000
1783621381.194,/node/gpu_percent,0.000000
1783621381.694,/node/gpu_percent,0.000000
1783621382.198,/node/gpu_percent,0.000000
1783621382.696,/node/gpu_percent,0.000000
1783621383.193,/node/gpu_percent,0.000000
1783621383.693,/node/gpu_percent,0.000000
1783621384.194,/node/gpu_percent,0.000000
1783621384.694,/node/gpu_percent,0.000000
1783621385.193,/node/gpu_percent,0.000000
1783621385.694,/node/gpu_percent,0.000000
1783621386.193,/node/gpu_percent,0.000000
1783621386.693,/node/gpu_percent,0.000000
1783621387.196,/node/gpu_percent,0.000000
1783621387.695,/node/gpu_percent,0.000000
1783621388.193,/node/gpu_percent,0.000000
1783621388.691,/node/gpu_percent,0.000000
1783621389.193,/node/gpu_percent,0.000000
1783621389.694,/node/gpu_percent,0.000000
1783621390.195,/node/gpu_percent,0.000000
1783621390.695,/node/gpu_percent,0.000000
1783621391.196,/node/gpu_percent,0.000000
1783621391.695,/node/gpu_percent,0.000000
1783621392.192,/node/gpu_percent,0.000000
1783621392.692,/node/gpu_percent,0.000000
1783621393.191,/node/gpu_percent,0.000000
1783621393.692,/node/gpu_percent,0.000000
1783621394.196,/node/gpu_percent,0.000000
1783621394.696,/node/gpu_percent,0.000000
1783621395.191,/node/gpu_percent,0.000000
1783621395.690,/node/gpu_percent,0.000000
1783621396.192,/node/gpu_percent,0.000000
1783621396.692,/node/gpu_percent,0.000000
1783621397.193,/node/gpu_percent,0.000000
1783621397.693,/node/gpu_percent,0.000000
1783621398.194,/node/gpu_percent,0.000000
1783621398.692,/node/gpu_percent,0.000000
1783621399.192,/node/gpu_percent,0.000000
1783621399.692,/node/gpu_percent,0.000000
1783621400.193,/node/gpu_percent,0.000000
1783621400.692,/node/gpu_percent,0.000000
1783621401.194,/node/gpu_percent,0.000000
1783621401.692,/node/gpu_percent,0.000000
1783621402.192,/node/gpu_percent,0.000000
1783621402.693,/node/gpu_percent,0.000000
1783621403.193,/node/gpu_percent,0.000000
1783621403.693,/node/gpu_percent,0.000000
1783621404.192,/node/gpu_percent,0.000000
1783621404.691,/node/gpu_percent,0.000000
1783621405.194,/node/gpu_percent,0.000000
1783621405.692,/node/gpu_percent,0.000000
1783621406.191,/node/gpu_percent,0.000000
1783621406.694,/node/gpu_percent,0.000000
1783621407.193,/node/gpu_percent,0.000000
1783621407.694,/node/gpu_percent,0.000000
1783621408.191,/node/gpu_percent,0.000000
1783621408.689,/node/gpu_percent,0.000000
1783621409.192,/node/gpu_percent,0.000000
1783621409.691,/node/gpu_percent,0.000000
1783621410.192,/node/gpu_percent,0.000000
1783621410.694,/node/gpu_percent,0.000000
1783621411.192,/node/gpu_percent,0.000000
1783621411.691,/node/gpu_percent,0.000000
1783621412.195,/node/gpu_percent,0.000000
1783621412.690,/node/gpu_percent,0.000000
1783621413.190,/node/gpu_percent,0.000000
1783621413.692,/node/gpu_percent,0.000000
1783621414.190,/node/gpu_percent,0.000000
1783621414.690,/node/gpu_percent,0.000000
1783621415.191,/node/gpu_percent,0.000000
1783621415.691,/node/gpu_percent,0.000000
1783621416.188,/node/gpu_percent,0.000000
1783621416.691,/node/gpu_percent,0.000000
1783621417.190,/node/gpu_percent,0.000000
1783621417.690,/node/gpu_percent,0.000000
1783621418.191,/node/gpu_percent,0.000000
1783621418.688,/node/gpu_percent,0.000000
1783621419.190,/node/gpu_percent,0.000000
1783621419.692,/node/gpu_percent,0.000000
1783621420.192,/node/gpu_percent,0.000000
1783621420.690,/node/gpu_percent,0.000000
1783621421.189,/node/gpu_percent,0.000000
1783621421.692,/node/gpu_percent,0.000000
1783621422.192,/node/gpu_percent,0.000000
1783621422.690,/node/gpu_percent,0.000000
1783621423.190,/node/gpu_percent,0.000000
1783621423.690,/node/gpu_percent,0.000000
1783621424.189,/node/gpu_percent,0.000000
1783621424.689,/node/gpu_percent,0.000000
1783621425.189,/node/gpu_percent,0.000000
1783621425.691,/node/gpu_percent,0.000000
1783621426.188,/node/gpu_percent,0.000000
1783621426.688,/node/gpu_percent,0.000000
1783621427.190,/node/gpu_percent,0.000000
1783621427.690,/node/gpu_percent,0.000000
1783621428.188,/node/gpu_percent,0.000000
1783621428.686,/node/gpu_percent,0.000000
1783621429.189,/node/gpu_percent,0.000000
1783621429.690,/node/gpu_percent,0.000000
1783621430.188,/node/gpu_percent,0.000000
1783621430.689,/node/gpu_percent,0.000000
1783621431.188,/node/gpu_percent,0.000000
1783621431.690,/node/gpu_percent,0.000000
1783621432.188,/node/gpu_percent,0.000000
1783621432.688,/node/gpu_percent,0.000000
1783621433.188,/node/gpu_percent,0.000000
1783621433.688,/node/gpu_percent,0.000000
1783621434.191,/node/gpu_percent,0.000000
1783621434.689,/node/gpu_percent,0.000000
1783621435.189,/node/gpu_percent,0.000000
1783621435.690,/node/gpu_percent,0.000000
1783621436.187,/node/gpu_percent,0.000000
1783621436.688,/node/gpu_percent,0.000000
1783621437.188,/node/gpu_percent,0.000000
1783621437.690,/node/gpu_percent,0.000000
1783621438.187,/node/gpu_percent,0.000000
1783621438.686,/node/gpu_percent,0.000000
1783621439.187,/node/gpu_percent,0.000000
1783621439.689,/node/gpu_percent,0.000000
1783621440.189,/node/gpu_percent,0.000000
1783621440.689,/node/gpu_percent,0.000000
1783621441.189,/node/gpu_percent,0.000000
1783621441.689,/node/gpu_percent,0.000000
1783621442.188,/node/gpu_percent,0.000000
1783621442.688,/node/gpu_percent,0.000000
1783621443.188,/node/gpu_percent,0.000000
1783621443.688,/node/gpu_percent,0.000000
1783621444.189,/node/gpu_percent,0.000000
1783621444.689,/node/gpu_percent,0.000000
1783621445.189,/node/gpu_percent,0.000000
1783621445.690,/node/gpu_percent,0.000000
1783621446.188,/node/gpu_percent,0.000000
1783621446.689,/node/gpu_percent,0.000000
1783621447.188,/node/gpu_percent,0.000000
1783621447.688,/node/gpu_percent,0.000000
1783621448.188,/node/gpu_percent,0.000000
1783621448.688,/node/gpu_percent,0.000000
1783621449.188,/node/gpu_percent,0.000000
1783621449.689,/node/gpu_percent,0.000000
1783621450.188,/node/gpu_percent,0.000000
1783621450.688,/node/gpu_percent,0.000000
1783621451.189,/node/gpu_percent,0.000000
1783621451.688,/node/gpu_percent,0.000000
1783621452.188,/node/gpu_percent,0.000000
1783621452.690,/node/gpu_percent,0.000000
1783621453.188,/node/gpu_percent,0.000000
1783621453.689,/node/gpu_percent,0.000000
1783621454.188,/node/gpu_percent,0.000000
1783621454.689,/node/gpu_percent,0.000000
1783621455.188,/node/gpu_percent,0.000000
1783621455.688,/node/gpu_percent,0.000000
1783621456.188,/node/gpu_percent,0.000000
1783621456.688,/node/gpu_percent,0.000000
1783621457.189,/node/gpu_percent,0.000000
1783621457.692,/node/gpu_percent,0.000000
1783621458.189,/node/gpu_percent,0.000000
1783621458.689,/node/gpu_percent,0.000000
1783621459.188,/node/gpu_percent,0.000000
1783621459.688,/node/gpu_percent,0.000000
1783621460.191,/node/gpu_percent,0.000000
1783621460.690,/node/gpu_percent,0.000000
1783621461.191,/node/gpu_percent,0.000000
1783621461.688,/node/gpu_percent,0.000000
1783621462.191,/node/gpu_percent,0.000000
1783621462.690,/node/gpu_percent,0.000000
1783621463.190,/node/gpu_percent,0.000000
1783621463.690,/node/gpu_percent,0.000000
1783621464.189,/node/gpu_percent,0.000000
1783621464.691,/node/gpu_percent,0.000000
1783621465.190,/node/gpu_percent,0.000000
1783621465.691,/node/gpu_percent,0.000000
1783621466.191,/node/gpu_percent,0.000000
1783621466.690,/node/gpu_percent,0.000000
1783621467.189,/node/gpu_percent,0.000000
1783621467.691,/node/gpu_percent,0.000000
1783621468.189,/node/gpu_percent,0.000000
1783621468.691,/node/gpu_percent,0.000000
1783621469.192,/node/gpu_percent,0.000000
1783621469.690,/node/gpu_percent,0.000000
1783621470.192,/node/gpu_percent,0.000000
1783621470.689,/node/gpu_percent,0.000000
1783621471.189,/node/gpu_percent,0.000000
1783621471.689,/node/gpu_percent,0.000000
1783621472.189,/node/gpu_percent,0.000000
1783621472.689,/node/gpu_percent,0.000000
1783621473.191,/node/gpu_percent,0.000000
1783621473.690,/node/gpu_percent,0.000000
1783621474.191,/node/gpu_percent,0.000000
1783621474.691,/node/gpu_percent,0.000000
1783621475.191,/node/gpu_percent,0.000000
1783621475.690,/node/gpu_percent,0.000000
1783621476.191,/node/gpu_percent,0.000000
1783621476.691,/node/gpu_percent,0.000000
1783621477.189,/node/gpu_percent,0.000000
1783621477.689,/node/gpu_percent,0.000000
1783621478.191,/node/gpu_percent,0.000000
1783621478.691,/node/gpu_percent,0.000000
1783621479.190,/node/gpu_percent,0.000000
1783621479.689,/node/gpu_percent,0.000000
1783621480.189,/node/gpu_percent,0.000000
1783621480.689,/node/gpu_percent,0.000000
1783621481.190,/node/gpu_percent,0.000000
1783621481.690,/node/gpu_percent,0.000000
1783621482.190,/node/gpu_percent,0.000000
1783621482.690,/node/gpu_percent,0.000000
1783621483.189,/node/gpu_percent,0.000000
1783621483.689,/node/gpu_percent,0.000000
1783621484.190,/node/gpu_percent,0.000000
1783621304.701,/node/memory_percent,50.079575
1783621305.201,/node/memory_percent,50.080341
1783621305.701,/node/memory_percent,50.080341
1783621306.198,/node/memory_percent,50.080341
1783621306.701,/node/memory_percent,50.080341
1783621307.199,/node/memory_percent,50.080341
1783621307.701,/node/memory_percent,50.080341
1783621308.197,/node/memory_percent,50.080341
1783621308.701,/node/memory_percent,50.080341
1783621309.201,/node/memory_percent,50.080341
1783621309.700,/node/memory_percent,50.080688
1783621310.201,/node/memory_percent,50.080688
1783621310.702,/node/memory_percent,50.080688
1783621311.203,/node/memory_percent,50.080688
1783621311.700,/node/memory_percent,50.080658
1783621312.202,/node/memory_percent,50.080658
1783621312.702,/node/memory_percent,50.080658
1783621313.202,/node/memory_percent,50.080658
1783621313.702,/node/memory_percent,50.080658
1783621314.201,/node/memory_percent,50.080658
1783621314.702,/node/memory_percent,50.080643
1783621315.202,/node/memory_percent,50.080631
1783621315.700,/node/memory_percent,50.080631
1783621316.202,/node/memory_percent,50.080631
1783621316.700,/node/memory_percent,50.079029
1783621317.200,/node/memory_percent,50.079029
1783621317.700,/node/memory_percent,50.079029
1783621318.198,/node/memory_percent,50.078239
1783621318.703,/node/memory_percent,50.078239
1783621319.202,/node/memory_percent,50.078239
1783621319.702,/node/memory_percent,50.078239
1783621320.201,/node/memory_percent,50.078239
1783621320.702,/node/memory_percent,50.078239
1783621321.202,/node/memory_percent,50.078239
1783621321.695,/node/memory_percent,50.078239
1783621322.202,/node/memory_percent,50.079285
1783621322.702,/node/memory_percent,50.079269
1783621323.199,/node/memory_percent,50.079269
1783621323.701,/node/memory_percent,50.079967
1783621324.199,/node/memory_percent,50.079967
1783621324.701,/node/memory_percent,50.079967
1783621325.199,/node/memory_percent,50.079967
1783621325.701,/node/memory_percent,50.079967
1783621326.200,/node/memory_percent,50.079967
1783621326.701,/node/memory_percent,50.079967
1783621327.201,/node/memory_percent,50.079967
1783621327.701,/node/memory_percent,50.081142
1783621328.201,/node/memory_percent,50.081142
1783621328.701,/node/memory_percent,50.081142
1783621329.203,/node/memory_percent,50.081142
1783621329.702,/node/memory_percent,50.081142
1783621330.203,/node/memory_percent,50.081142
1783621330.701,/node/memory_percent,50.081825
1783621331.198,/node/memory_percent,50.081825
1783621331.702,/node/memory_percent,50.082199
1783621332.197,/node/memory_percent,50.082199
1783621332.701,/node/memory_percent,50.082199
1783621333.202,/node/memory_percent,50.082199
1783621333.700,/node/memory_percent,50.082199
1783621334.199,/node/memory_percent,50.082199
1783621334.706,/node/memory_percent,50.082199
1783621335.200,/node/memory_percent,50.082199
1783621335.699,/node/memory_percent,50.082199
1783621336.201,/node/memory_percent,50.082199
1783621336.701,/node/memory_percent,50.081802
1783621337.198,/node/memory_percent,50.082188
1783621337.700,/node/memory_percent,50.082565
1783621338.199,/node/memory_percent,50.082565
1783621338.699,/node/memory_percent,50.082565
1783621339.203,/node/memory_percent,50.082565
1783621339.698,/node/memory_percent,50.082565
1783621340.199,/node/memory_percent,50.082565
1783621340.700,/node/memory_percent,50.082565
1783621341.201,/node/memory_percent,50.082565
1783621341.701,/node/memory_percent,50.082565
1783621342.199,/node/memory_percent,50.082565
1783621342.701,/node/memory_percent,50.082565
1783621343.197,/node/memory_percent,50.082565
1783621343.700,/node/memory_percent,50.082565
1783621344.198,/node/memory_percent,50.082565
1783621344.700,/node/memory_percent,50.082565
1783621345.202,/node/memory_percent,50.082565
1783621345.699,/node/memory_percent,50.082554
1783621346.198,/node/memory_percent,50.082554
1783621346.698,/node/memory_percent,50.082554
1783621347.196,/node/memory_percent,50.082554
1783621347.700,/node/memory_percent,50.083324
1783621348.201,/node/memory_percent,50.083324
1783621348.700,/node/memory_percent,50.083324
1783621349.200,/node/memory_percent,50.083324
1783621349.700,/node/memory_percent,50.083324
1783621350.198,/node/memory_percent,50.083324
1783621350.698,/node/memory_percent,50.083324
1783621351.200,/node/memory_percent,50.083324
1783621351.699,/node/memory_percent,50.083324
1783621352.197,/node/memory_percent,50.083324
1783621352.697,/node/memory_percent,50.083324
1783621353.201,/node/memory_percent,50.083324
1783621353.697,/node/memory_percent,50.083324
1783621354.197,/node/memory_percent,50.083324
1783621354.700,/node/memory_percent,50.083324
1783621355.197,/node/memory_percent,50.083324
1783621355.697,/node/memory_percent,50.083324
1783621356.197,/node/memory_percent,50.083324
1783621356.698,/node/memory_percent,50.081310
1783621357.197,/node/memory_percent,50.081310
1783621357.697,/node/memory_percent,50.080956
1783621358.198,/node/memory_percent,50.081348
1783621358.699,/node/memory_percent,50.081348
1783621359.199,/node/memory_percent,50.081348
1783621359.700,/node/memory_percent,50.081348
1783621360.199,/node/memory_percent,50.081348
1783621360.699,/node/memory_percent,50.081718
1783621361.200,/node/memory_percent,50.081718
1783621361.699,/node/memory_percent,50.081718
1783621362.199,/node/memory_percent,50.081718
1783621362.698,/node/memory_percent,50.081718
1783621363.197,/node/memory_percent,50.081718
1783621363.697,/node/memory_percent,50.081718
1783621364.196,/node/memory_percent,50.081718
1783621364.697,/node/memory_percent,50.081718
1783621365.198,/node/memory_percent,50.081718
1783621365.695,/node/memory_percent,50.082489
1783621366.198,/node/memory_percent,50.082489
1783621366.699,/node/memory_percent,50.082489
1783621367.197,/node/memory_percent,50.082489
1783621367.694,/node/memory_percent,50.082489
1783621368.198,/node/memory_percent,50.082863
1783621368.697,/node/memory_percent,50.082863
1783621369.196,/node/memory_percent,50.082863
1783621369.699,/node/memory_percent,50.082851
1783621370.199,/node/memory_percent,50.082851
1783621370.696,/node/memory_percent,50.083225
1783621371.194,/node/memory_percent,50.083611
1783621371.699,/node/memory_percent,50.083611
1783621372.198,/node/memory_percent,50.083611
1783621372.699,/node/memory_percent,50.083611
1783621373.197,/node/memory_percent,50.083611
1783621373.696,/node/memory_percent,50.083611
1783621374.195,/node/memory_percent,50.083611
1783621374.696,/node/memory_percent,50.083611
1783621375.194,/node/memory_percent,50.083984
1783621375.697,/node/memory_percent,50.083958
1783621376.197,/node/memory_percent,50.083958
1783621376.696,/node/memory_percent,50.083454
1783621377.197,/node/memory_percent,50.083454
1783621377.695,/node/memory_percent,50.083160
1783621378.195,/node/memory_percent,50.083534
1783621378.693,/node/memory_percent,50.083534
1783621379.194,/node/memory_percent,50.076759
1783621379.697,/node/memory_percent,50.076355
1783621380.198,/node/memory_percent,50.076355
1783621380.698,/node/memory_percent,50.076355
1783621381.195,/node/memory_percent,50.076355
1783621381.694,/node/memory_percent,50.076355
1783621382.198,/node/memory_percent,50.076550
1783621382.696,/node/memory_percent,50.077305
1783621383.196,/node/memory_percent,50.077305
1783621383.695,/node/memory_percent,50.077305
1783621384.195,/node/memory_percent,50.077305
1783621384.693,/node/memory_percent,50.077641
1783621385.194,/node/memory_percent,50.077641
1783621385.694,/node/memory_percent,50.075615
1783621386.196,/node/memory_percent,50.075615
1783621386.696,/node/memory_percent,50.076008
1783621387.194,/node/memory_percent,50.077576
1783621387.695,/node/memory_percent,50.077576
1783621388.194,/node/memory_percent,50.077576
1783621388.693,/node/memory_percent,50.077568
1783621389.194,/node/memory_percent,50.077568
1783621389.697,/node/memory_percent,50.077568
1783621390.195,/node/memory_percent,50.077568
1783621390.693,/node/memory_percent,50.078350
1783621391.197,/node/memory_percent,50.078350
1783621391.693,/node/memory_percent,50.078350
1783621392.195,/node/memory_percent,50.078350
1783621392.695,/node/memory_percent,50.078350
1783621393.189,/node/memory_percent,50.079117
1783621393.694,/node/memory_percent,50.079117
1783621394.192,/node/memory_percent,50.079117
1783621394.696,/node/memory_percent,50.079502
1783621395.193,/node/memory_percent,50.079098
1783621395.692,/node/memory_percent,50.079071
1783621396.193,/node/memory_percent,50.078724
1783621396.694,/node/memory_percent,50.078724
1783621397.194,/node/memory_percent,50.078724
1783621397.694,/node/memory_percent,50.078724
1783621398.194,/node/memory_percent,50.078724
1783621398.693,/node/memory_percent,50.078724
1783621399.195,/node/memory_percent,50.077717
1783621399.693,/node/memory_percent,50.077549
1783621400.193,/node/memory_percent,50.077934
1783621400.693,/node/memory_percent,50.077934
1783621401.196,/node/memory_percent,50.077934
1783621401.693,/node/memory_percent,50.077915
1783621402.195,/node/memory_percent,50.077915
1783621402.693,/node/memory_percent,50.077904
1783621403.196,/node/memory_percent,50.077904
1783621403.690,/node/memory_percent,50.077904
1783621404.193,/node/memory_percent,50.077904
1783621404.692,/node/memory_percent,50.077904
1783621405.190,/node/memory_percent,50.077904
1783621405.693,/node/memory_percent,50.077904
1783621406.194,/node/memory_percent,50.077755
1783621406.695,/node/memory_percent,50.077724
1783621407.191,/node/memory_percent,50.077724
1783621407.692,/node/memory_percent,50.078114
1783621408.194,/node/memory_percent,50.077610
1783621408.691,/node/memory_percent,50.077324
1783621409.193,/node/memory_percent,50.078091
1783621409.692,/node/memory_percent,50.078091
1783621410.195,/node/memory_percent,50.078091
1783621410.691,/node/memory_percent,50.077686
1783621411.195,/node/memory_percent,50.077686
1783621411.692,/node/memory_percent,50.077686
1783621412.196,/node/memory_percent,50.077686
1783621412.692,/node/memory_percent,50.077686
1783621413.193,/node/memory_percent,50.077686
1783621413.693,/node/memory_percent,50.077686
1783621414.193,/node/memory_percent,50.077686
1783621414.693,/node/memory_percent,50.077686
1783621415.193,/node/memory_percent,50.077686
1783621415.694,/node/memory_percent,50.077686
1783621416.191,/node/memory_percent,50.077686
1783621416.693,/node/memory_percent,50.071724
1783621417.194,/node/memory_percent,50.073292
1783621417.692,/node/memory_percent,50.073559
1783621418.192,/node/memory_percent,50.073933
1783621418.689,/node/memory_percent,50.073933
1783621419.193,/node/memory_percent,50.073933
1783621419.690,/node/memory_percent,50.074684
1783621420.194,/node/memory_percent,50.072720
1783621420.691,/node/memory_percent,50.072720
1783621421.192,/node/memory_percent,50.072720
1783621421.693,/node/memory_percent,50.072681
1783621422.190,/node/memory_percent,50.072681
1783621422.690,/node/memory_percent,50.072681
1783621423.191,/node/memory_percent,50.072681
1783621423.691,/node/memory_percent,50.072681
1783621424.190,/node/memory_percent,50.072681
1783621424.692,/node/memory_percent,50.072681
1783621425.190,/node/memory_percent,50.072681
1783621425.691,/node/memory_percent,50.073074
1783621426.189,/node/memory_percent,50.073074
1783621426.690,/node/memory_percent,50.068287
1783621427.188,/node/memory_percent,50.068287
1783621427.688,/node/memory_percent,50.068275
1783621428.189,/node/memory_percent,50.068649
1783621428.687,/node/memory_percent,50.068649
1783621429.190,/node/memory_percent,50.068649
1783621429.688,/node/memory_percent,50.068199
1783621430.191,/node/memory_percent,50.068195
1783621430.687,/node/memory_percent,50.068195
1783621431.191,/node/memory_percent,50.068195
1783621431.688,/node/memory_percent,50.068195
1783621432.191,/node/memory_percent,50.068195
1783621432.689,/node/memory_percent,50.068584
1783621433.191,/node/memory_percent,50.068584
1783621433.691,/node/memory_percent,50.068584
1783621434.189,/node/memory_percent,50.068584
1783621434.690,/node/memory_percent,50.068584
1783621435.187,/node/memory_percent,50.068584
1783621435.690,/node/memory_percent,50.068565
1783621436.188,/node/memory_percent,50.068939
1783621436.689,/node/memory_percent,50.065277
1783621437.189,/node/memory_percent,50.064774
1783621437.690,/node/memory_percent,50.065086
1783621438.190,/node/memory_percent,50.065086
1783621438.687,/node/memory_percent,50.065086
1783621439.188,/node/memory_percent,50.065086
1783621439.692,/node/memory_percent,50.065060
1783621440.187,/node/memory_percent,50.065060
1783621440.692,/node/memory_percent,50.065060
1783621441.192,/node/memory_percent,50.065060
1783621441.689,/node/memory_percent,50.065781
1783621442.189,/node/memory_percent,50.066418
1783621442.689,/node/memory_percent,50.066402
1783621443.189,/node/memory_percent,50.067081
1783621443.691,/node/memory_percent,50.067776
1783621444.190,/node/memory_percent,50.067776
1783621444.691,/node/memory_percent,50.067734
1783621445.189,/node/memory_percent,50.067734
1783621445.690,/node/memory_percent,50.067734
1783621446.189,/node/memory_percent,50.067734
1783621446.689,/node/memory_percent,50.067734
1783621447.189,/node/memory_percent,50.068909
1783621447.691,/node/memory_percent,50.068909
1783621448.191,/node/memory_percent,50.068909
1783621448.690,/node/memory_percent,50.069283
1783621449.189,/node/memory_percent,50.068882
1783621449.689,/node/memory_percent,50.068882
1783621450.191,/node/memory_percent,50.068882
1783621450.691,/node/memory_percent,50.068882
1783621451.189,/node/memory_percent,50.068882
1783621451.691,/node/memory_percent,50.068882
1783621452.191,/node/memory_percent,50.068882
1783621452.690,/node/memory_percent,50.068882
1783621453.191,/node/memory_percent,50.068882
1783621453.691,/node/memory_percent,50.068882
1783621454.191,/node/memory_percent,50.068882
1783621454.693,/node/memory_percent,50.068882
1783621455.191,/node/memory_percent,50.068882
1783621455.691,/node/memory_percent,50.068859
1783621456.191,/node/memory_percent,50.068859
1783621456.689,/node/memory_percent,50.065334
1783621457.191,/node/memory_percent,50.065334
1783621457.695,/node/memory_percent,50.065334
1783621458.191,/node/memory_percent,50.065334
1783621458.691,/node/memory_percent,50.065334
1783621459.186,/node/memory_percent,50.065334
1783621459.691,/node/memory_percent,50.065334
1783621460.191,/node/memory_percent,50.065727
1783621460.693,/node/memory_percent,50.065727
1783621461.191,/node/memory_percent,50.065727
1783621461.691,/node/memory_percent,50.065727
1783621462.192,/node/memory_percent,50.065727
1783621462.692,/node/memory_percent,50.065727
1783621463.191,/node/memory_percent,50.065727
1783621463.691,/node/memory_percent,50.065727
1783621464.190,/node/memory_percent,50.065727
1783621464.691,/node/memory_percent,50.065727
1783621465.190,/node/memory_percent,50.065727
1783621465.694,/node/memory_percent,50.065712
1783621466.191,/node/memory_percent,50.065712
1783621466.692,/node/memory_percent,50.065712
1783621467.190,/node/memory_percent,50.065712
1783621467.693,/node/memory_percent,50.065701
1783621468.190,/node/memory_percent,50.065701
1783621468.693,/node/memory_percent,50.065701
1783621469.193,/node/memory_percent,50.065701
1783621469.690,/node/memory_percent,50.065701
1783621470.194,/node/memory_percent,50.065701
1783621470.690,/node/memory_percent,50.066074
1783621471.190,/node/memory_percent,50.066074
1783621471.690,/node/memory_percent,50.066074
1783621472.189,/node/memory_percent,50.066074
1783621472.690,/node/memory_percent,50.066074
1783621473.194,/node/memory_percent,50.066074
1783621473.693,/node/memory_percent,50.066074
1783621474.192,/node/memory_percent,50.066074
1783621474.689,/node/memory_percent,50.066074
1783621475.194,/node/memory_percent,50.066074
1783621475.690,/node/memory_percent,50.066074
1783621476.193,/node/memory_percent,50.066074
1783621476.692,/node/memory_percent,50.064522
1783621477.192,/node/memory_percent,50.064522
1783621477.690,/node/memory_percent,50.064049
1783621478.193,/node/memory_percent,50.064049
1783621478.694,/node/memory_percent,50.064034
1783621479.190,/node/memory_percent,50.064419
1783621479.692,/node/memory_percent,50.064419
1783621480.192,/node/memory_percent,50.064419
1783621480.692,/node/memory_percent,50.064812
1783621481.192,/node/memory_percent,50.064812
1783621481.692,/node/memory_percent,50.064812
1783621482.192,/node/memory_percent,50.064812
1783621482.690,/node/memory_percent,50.064774
1783621483.192,/node/memory_percent,50.064774
1783621483.692,/node/memory_percent,50.064774
1783621484.193,/node/memory_percent,50.064774
1783621304.702,/node/io_read_mbs,0.000000
1783621305.202,/node/io_read_mbs,0.000000
1783621305.702,/node/io_read_mbs,0.000000
1783621306.200,/node/io_read_mbs,0.000000
1783621306.703,/node/io_read_mbs,0.000000
1783621307.202,/node/io_read_mbs,0.000000
1783621307.702,/node/io_read_mbs,0.000000
1783621308.200,/node/io_read_mbs,0.000000
1783621308.702,/node/io_read_mbs,0.000000
1783621309.203,/node/io_read_mbs,0.000000
1783621309.704,/node/io_read_mbs,0.000000
1783621310.203,/node/io_read_mbs,0.000000
1783621310.703,/node/io_read_mbs,0.000000
1783621311.205,/node/io_read_mbs,0.000000
1783621311.701,/node/io_read_mbs,0.000000
1783621312.203,/node/io_read_mbs,0.000000
1783621312.703,/node/io_read_mbs,0.000000
1783621313.203,/node/io_read_mbs,0.000000
1783621313.705,/node/io_read_mbs,0.000000
1783621314.203,/node/io_read_mbs,0.000000
1783621314.703,/node/io_read_mbs,0.000000
1783621315.203,/node/io_read_mbs,0.000000
1783621315.702,/node/io_read_mbs,0.000000
1783621316.203,/node/io_read_mbs,0.000000
1783621316.702,/node/io_read_mbs,0.000000
1783621317.201,/node/io_read_mbs,0.000000
1783621317.701,/node/io_read_mbs,0.000000
1783621318.203,/node/io_read_mbs,0.000000
1783621318.704,/node/io_read_mbs,0.000000
1783621319.203,/node/io_read_mbs,0.000000
1783621319.703,/node/io_read_mbs,0.000000
1783621320.202,/node/io_read_mbs,0.000000
1783621320.704,/node/io_read_mbs,0.000000
1783621321.203,/node/io_read_mbs,0.000000
1783621321.697,/node/io_read_mbs,0.000000
1783621322.203,/node/io_read_mbs,0.000000
1783621322.703,/node/io_read_mbs,0.000000
1783621323.201,/node/io_read_mbs,0.000000
1783621323.703,/node/io_read_mbs,0.000000
1783621324.201,/node/io_read_mbs,0.000000
1783621324.704,/node/io_read_mbs,0.000000
1783621325.201,/node/io_read_mbs,0.000000
1783621325.703,/node/io_read_mbs,0.000000
1783621326.200,/node/io_read_mbs,0.000000
1783621326.703,/node/io_read_mbs,0.000000
1783621327.202,/node/io_read_mbs,0.000000
1783621327.703,/node/io_read_mbs,0.000000
1783621328.202,/node/io_read_mbs,0.000000
1783621328.703,/node/io_read_mbs,0.000000
1783621329.204,/node/io_read_mbs,0.000000
1783621329.703,/node/io_read_mbs,0.000000
1783621330.203,/node/io_read_mbs,0.000000
1783621330.702,/node/io_read_mbs,0.000000
1783621331.204,/node/io_read_mbs,0.000000
1783621331.704,/node/io_read_mbs,0.000000
1783621332.202,/node/io_read_mbs,0.000000
1783621332.702,/node/io_read_mbs,0.000000
1783621333.204,/node/io_read_mbs,0.000000
1783621333.703,/node/io_read_mbs,0.000000
1783621334.200,/node/io_read_mbs,0.000000
1783621334.707,/node/io_read_mbs,0.000000
1783621335.202,/node/io_read_mbs,0.000000
1783621335.701,/node/io_read_mbs,0.000000
1783621336.202,/node/io_read_mbs,0.000000
1783621336.703,/node/io_read_mbs,0.000000
1783621337.201,/node/io_read_mbs,0.000000
1783621337.702,/node/io_read_mbs,0.000000
1783621338.200,/node/io_read_mbs,0.000000
1783621338.699,/node/io_read_mbs,0.000000
1783621339.203,/node/io_read_mbs,0.000000
1783621339.700,/node/io_read_mbs,0.000000
1783621340.200,/node/io_read_mbs,0.000000
1783621340.702,/node/io_read_mbs,0.000000
1783621341.202,/node/io_read_mbs,0.000000
1783621341.703,/node/io_read_mbs,0.000000
1783621342.199,/node/io_read_mbs,0.000000
1783621342.702,/node/io_read_mbs,0.000000
1783621343.203,/node/io_read_mbs,0.000000
1783621343.701,/node/io_read_mbs,0.000000
1783621344.199,/node/io_read_mbs,0.000000
1783621344.703,/node/io_read_mbs,0.000000
1783621345.202,/node/io_read_mbs,0.000000
1783621345.700,/node/io_read_mbs,0.000000
1783621346.199,/node/io_read_mbs,0.000000
1783621346.700,/node/io_read_mbs,0.000000
1783621347.203,/node/io_read_mbs,0.000000
1783621347.703,/node/io_read_mbs,0.000000
1783621348.203,/node/io_read_mbs,0.000000
1783621348.701,/node/io_read_mbs,0.000000
1783621349.201,/node/io_read_mbs,0.000000
1783621349.701,/node/io_read_mbs,0.000000
1783621350.201,/node/io_read_mbs,0.000000
1783621350.701,/node/io_read_mbs,0.000000
1783621351.201,/node/io_read_mbs,0.000000
1783621351.700,/node/io_read_mbs,0.000000
1783621352.199,/node/io_read_mbs,0.000000
1783621352.699,/node/io_read_mbs,0.000000
1783621353.201,/node/io_read_mbs,0.000000
1783621353.699,/node/io_read_mbs,0.000000
1783621354.199,/node/io_read_mbs,0.000000
1783621354.701,/node/io_read_mbs,0.000000
1783621355.199,/node/io_read_mbs,0.000000
1783621355.699,/node/io_read_mbs,0.000000
1783621356.199,/node/io_read_mbs,0.000000
1783621356.700,/node/io_read_mbs,0.000000
1783621357.199,/node/io_read_mbs,0.000000
1783621357.698,/node/io_read_mbs,0.000000
1783621358.199,/node/io_read_mbs,0.000000
1783621358.700,/node/io_read_mbs,0.000000
1783621359.199,/node/io_read_mbs,0.000000
1783621359.701,/node/io_read_mbs,0.000000
1783621360.200,/node/io_read_mbs,0.000000
1783621360.700,/node/io_read_mbs,0.000000
1783621361.203,/node/io_read_mbs,0.000000
1783621361.700,/node/io_read_mbs,0.000000
1783621362.200,/node/io_read_mbs,0.000000
1783621362.699,/node/io_read_mbs,0.000000
1783621363.197,/node/io_read_mbs,0.000000
1783621363.698,/node/io_read_mbs,0.000000
1783621364.200,/node/io_read_mbs,0.000000
1783621364.697,/node/io_read_mbs,0.000000
1783621365.199,/node/io_read_mbs,0.000000
1783621365.700,/node/io_read_mbs,0.000000
1783621366.198,/node/io_read_mbs,0.000000
1783621366.699,/node/io_read_mbs,0.000000
1783621367.200,/node/io_read_mbs,0.000000
1783621367.695,/node/io_read_mbs,0.000000
1783621368.199,/node/io_read_mbs,0.000000
1783621368.697,/node/io_read_mbs,0.000000
1783621369.197,/node/io_read_mbs,0.000000
1783621369.700,/node/io_read_mbs,0.000000
1783621370.200,/node/io_read_mbs,0.000000
1783621370.701,/node/io_read_mbs,0.000000
1783621371.198,/node/io_read_mbs,0.000000
1783621371.700,/node/io_read_mbs,0.000000
1783621372.200,/node/io_read_mbs,0.000000
1783621372.700,/node/io_read_mbs,0.000000
1783621373.198,/node/io_read_mbs,0.000000
1783621373.698,/node/io_read_mbs,0.000000
1783621374.196,/node/io_read_mbs,0.000000
1783621374.698,/node/io_read_mbs,0.000000
1783621375.196,/node/io_read_mbs,0.000000
1783621375.698,/node/io_read_mbs,0.000000
1783621376.198,/node/io_read_mbs,0.000000
1783621376.696,/node/io_read_mbs,0.000000
1783621377.198,/node/io_read_mbs,0.000000
1783621377.696,/node/io_read_mbs,0.000000
1783621378.200,/node/io_read_mbs,0.000000
1783621378.695,/node/io_read_mbs,0.000000
1783621379.199,/node/io_read_mbs,0.000000
1783621379.698,/node/io_read_mbs,0.000000
1783621380.199,/node/io_read_mbs,0.000000
1783621380.699,/node/io_read_mbs,0.000000
1783621381.196,/node/io_read_mbs,0.000000
1783621381.696,/node/io_read_mbs,0.000000
1783621382.198,/node/io_read_mbs,0.000000
1783621382.697,/node/io_read_mbs,0.000000
1783621383.197,/node/io_read_mbs,0.000000
1783621383.697,/node/io_read_mbs,0.000000
1783621384.197,/node/io_read_mbs,0.000000
1783621384.695,/node/io_read_mbs,0.000000
1783621385.196,/node/io_read_mbs,0.000000
1783621385.695,/node/io_read_mbs,0.000000
1783621386.197,/node/io_read_mbs,0.000000
1783621386.697,/node/io_read_mbs,0.000000
1783621387.199,/node/io_read_mbs,0.000000
1783621387.696,/node/io_read_mbs,0.000000
1783621388.195,/node/io_read_mbs,0.000000
1783621388.693,/node/io_read_mbs,0.000000
1783621389.195,/node/io_read_mbs,0.000000
1783621389.698,/node/io_read_mbs,0.000000
1783621390.196,/node/io_read_mbs,0.000000
1783621390.698,/node/io_read_mbs,0.000000
1783621391.198,/node/io_read_mbs,0.000000
1783621391.698,/node/io_read_mbs,0.000000
1783621392.196,/node/io_read_mbs,0.000000
1783621392.696,/node/io_read_mbs,0.000000
1783621393.193,/node/io_read_mbs,0.000000
1783621393.695,/node/io_read_mbs,0.000000
1783621394.197,/node/io_read_mbs,0.000000
1783621394.696,/node/io_read_mbs,0.000000
1783621395.194,/node/io_read_mbs,0.000000
1783621395.694,/node/io_read_mbs,0.000000
1783621396.194,/node/io_read_mbs,0.000000
1783621396.694,/node/io_read_mbs,0.000000
1783621397.195,/node/io_read_mbs,0.000000
1783621397.696,/node/io_read_mbs,0.000000
1783621398.195,/node/io_read_mbs,0.000000
1783621398.694,/node/io_read_mbs,0.000000
1783621399.196,/node/io_read_mbs,0.000000
1783621399.694,/node/io_read_mbs,0.000000
1783621400.195,/node/io_read_mbs,0.000000
1783621400.694,/node/io_read_mbs,0.000000
1783621401.197,/node/io_read_mbs,0.000000
1783621401.694,/node/io_read_mbs,0.000000
1783621402.196,/node/io_read_mbs,0.000000
1783621402.695,/node/io_read_mbs,0.000000
1783621403.198,/node/io_read_mbs,0.000000
1783621403.694,/node/io_read_mbs,0.000000
1783621404.194,/node/io_read_mbs,0.000000
1783621404.693,/node/io_read_mbs,0.000000
1783621405.195,/node/io_read_mbs,0.000000
1783621405.694,/node/io_read_mbs,0.000000
1783621406.195,/node/io_read_mbs,0.000000
1783621406.698,/node/io_read_mbs,0.000000
1783621407.196,/node/io_read_mbs,0.000000
1783621407.697,/node/io_read_mbs,0.000000
1783621408.195,/node/io_read_mbs,0.000000
1783621408.692,/node/io_read_mbs,0.000000
1783621409.194,/node/io_read_mbs,0.000000
1783621409.695,/node/io_read_mbs,0.000000
1783621410.196,/node/io_read_mbs,0.000000
1783621410.697,/node/io_read_mbs,0.000000
1783621411.196,/node/io_read_mbs,0.000000
1783621411.693,/node/io_read_mbs,0.000000
1783621412.196,/node/io_read_mbs,0.000000
1783621412.693,/node/io_read_mbs,0.000000
1783621413.194,/node/io_read_mbs,0.000000
1783621413.694,/node/io_read_mbs,0.000000
1783621414.194,/node/io_read_mbs,0.000000
1783621414.694,/node/io_read_mbs,0.000000
1783621415.195,/node/io_read_mbs,0.000000
1783621415.696,/node/io_read_mbs,0.000000
1783621416.191,/node/io_read_mbs,0.000000
1783621416.694,/node/io_read_mbs,0.000000
1783621417.194,/node/io_read_mbs,0.000000
1783621417.693,/node/io_read_mbs,0.000000
1783621418.193,/node/io_read_mbs,0.000000
1783621418.691,/node/io_read_mbs,0.000000
1783621419.194,/node/io_read_mbs,0.000000
1783621419.695,/node/io_read_mbs,0.000000
1783621420.195,/node/io_read_mbs,0.000000
1783621420.693,/node/io_read_mbs,0.000000
1783621421.194,/node/io_read_mbs,0.000000
1783621421.694,/node/io_read_mbs,0.000000
1783621422.195,/node/io_read_mbs,0.000000
1783621422.691,/node/io_read_mbs,0.000000
1783621423.192,/node/io_read_mbs,0.000000
1783621423.692,/node/io_read_mbs,0.000000
1783621424.191,/node/io_read_mbs,0.000000
1783621424.693,/node/io_read_mbs,0.000000
1783621425.191,/node/io_read_mbs,0.000000
1783621425.692,/node/io_read_mbs,0.000000
1783621426.192,/node/io_read_mbs,0.000000
1783621426.690,/node/io_read_mbs,0.000000
1783621427.192,/node/io_read_mbs,0.000000
1783621427.692,/node/io_read_mbs,0.000000
1783621428.192,/node/io_read_mbs,0.000000
1783621428.689,/node/io_read_mbs,0.000000
1783621429.190,/node/io_read_mbs,0.000000
1783621429.691,/node/io_read_mbs,0.000000
1783621430.192,/node/io_read_mbs,0.000000
1783621430.692,/node/io_read_mbs,0.000000
1783621431.192,/node/io_read_mbs,0.000000
1783621431.693,/node/io_read_mbs,0.000000
1783621432.192,/node/io_read_mbs,0.000000
1783621432.690,/node/io_read_mbs,0.000000
1783621433.192,/node/io_read_mbs,0.000000
1783621433.692,/node/io_read_mbs,0.000000
1783621434.194,/node/io_read_mbs,0.000000
1783621434.691,/node/io_read_mbs,0.000000
1783621435.192,/node/io_read_mbs,0.000000
1783621435.692,/node/io_read_mbs,0.000000
1783621436.190,/node/io_read_mbs,0.000000
1783621436.690,/node/io_read_mbs,0.000000
1783621437.190,/node/io_read_mbs,0.000000
1783621437.691,/node/io_read_mbs,0.000000
1783621438.191,/node/io_read_mbs,0.000000
1783621438.689,/node/io_read_mbs,0.000000
1783621439.190,/node/io_read_mbs,0.000000
1783621439.693,/node/io_read_mbs,0.062523
1783621440.192,/node/io_read_mbs,0.000000
1783621440.693,/node/io_read_mbs,0.000000
1783621441.193,/node/io_read_mbs,0.000000
1783621441.691,/node/io_read_mbs,0.000000
1783621442.190,/node/io_read_mbs,0.000000
1783621442.690,/node/io_read_mbs,0.000000
1783621443.190,/node/io_read_mbs,0.000000
1783621443.692,/node/io_read_mbs,0.000000
1783621444.191,/node/io_read_mbs,0.000000
1783621444.691,/node/io_read_mbs,0.000000
1783621445.191,/node/io_read_mbs,0.000000
1783621445.690,/node/io_read_mbs,0.000000
1783621446.190,/node/io_read_mbs,0.000000
1783621446.690,/node/io_read_mbs,0.000000
1783621447.190,/node/io_read_mbs,0.000000
1783621447.692,/node/io_read_mbs,0.000000
1783621448.192,/node/io_read_mbs,0.000000
1783621448.690,/node/io_read_mbs,0.000000
1783621449.190,/node/io_read_mbs,0.000000
1783621449.690,/node/io_read_mbs,0.000000
1783621450.192,/node/io_read_mbs,0.000000
1783621450.692,/node/io_read_mbs,0.000000
1783621451.190,/node/io_read_mbs,0.000000
1783621451.692,/node/io_read_mbs,0.000000
1783621452.192,/node/io_read_mbs,0.000000
1783621452.691,/node/io_read_mbs,0.000000
1783621453.192,/node/io_read_mbs,0.000000
1783621453.692,/node/io_read_mbs,0.000000
1783621454.192,/node/io_read_mbs,0.000000
1783621454.693,/node/io_read_mbs,0.000000
1783621455.192,/node/io_read_mbs,0.000000
1783621455.692,/node/io_read_mbs,0.000000
1783621456.192,/node/io_read_mbs,0.000000
1783621456.692,/node/io_read_mbs,0.000000
1783621457.193,/node/io_read_mbs,0.000000
1783621457.695,/node/io_read_mbs,0.000000
1783621458.192,/node/io_read_mbs,0.000000
1783621458.692,/node/io_read_mbs,0.000000
1783621459.188,/node/io_read_mbs,0.000000
1783621459.692,/node/io_read_mbs,0.000000
1783621460.192,/node/io_read_mbs,0.000000
1783621460.694,/node/io_read_mbs,0.000000
1783621461.193,/node/io_read_mbs,0.000000
1783621461.692,/node/io_read_mbs,0.000000
1783621462.192,/node/io_read_mbs,0.000000
1783621462.692,/node/io_read_mbs,0.000000
1783621463.192,/node/io_read_mbs,0.000000
1783621463.693,/node/io_read_mbs,0.000000
1783621464.192,/node/io_read_mbs,0.000000
1783621464.693,/node/io_read_mbs,0.000000
1783621465.191,/node/io_read_mbs,0.000000
1783621465.694,/node/io_read_mbs,0.000000
1783621466.192,/node/io_read_mbs,0.000000
1783621466.693,/node/io_read_mbs,0.000000
1783621467.191,/node/io_read_mbs,0.000000
1783621467.694,/node/io_read_mbs,0.000000
1783621468.193,/node/io_read_mbs,0.000000
1783621468.695,/node/io_read_mbs,0.000000
1783621469.194,/node/io_read_mbs,0.000000
1783621469.691,/node/io_read_mbs,0.000000
1783621470.195,/node/io_read_mbs,0.000000
1783621470.692,/node/io_read_mbs,0.000000
1783621471.192,/node/io_read_mbs,0.000000
1783621471.692,/node/io_read_mbs,0.000000
1783621472.194,/node/io_read_mbs,0.000000
1783621472.691,/node/io_read_mbs,0.000000
1783621473.194,/node/io_read_mbs,0.000000
1783621473.694,/node/io_read_mbs,0.000000
1783621474.193,/node/io_read_mbs,0.000000
1783621474.692,/node/io_read_mbs,0.000000
1783621475.194,/node/io_read_mbs,0.000000
1783621475.691,/node/io_read_mbs,0.000000
1783621476.195,/node/io_read_mbs,0.000000
1783621476.693,/node/io_read_mbs,0.000000
1783621477.193,/node/io_read_mbs,0.000000
1783621477.691,/node/io_read_mbs,0.000000
1783621478.194,/node/io_read_mbs,0.000000
1783621478.696,/node/io_read_mbs,0.000000
1783621479.191,/node/io_read_mbs,0.000000
1783621479.694,/node/io_read_mbs,0.000000
1783621480.194,/node/io_read_mbs,0.000000
1783621480.693,/node/io_read_mbs,0.000000
1783621481.193,/node/io_read_mbs,0.000000
1783621481.693,/node/io_read_mbs,0.000000
1783621482.193,/node/io_read_mbs,0.000000
1783621482.691,/node/io_read_mbs,0.000000
1783621483.193,/node/io_read_mbs,0.000000
1783621483.693,/node/io_read_mbs,0.000000
1783621484.194,/node/io_read_mbs,0.000000
1783621304.703,/node/io_write_mbs,0.000000
1783621305.203,/node/io_write_mbs,0.000000
1783621305.703,/node/io_write_mbs,0.000000
1783621306.202,/node/io_write_mbs,0.000000
1783621306.705,/node/io_write_mbs,0.000000
1783621307.204,/node/io_write_mbs,0.000000
1783621307.714,/node/io_write_mbs,0.000000
1783621308.201,/node/io_write_mbs,0.000000
1783621308.705,/node/io_write_mbs,0.000000
1783621309.203,/node/io_write_mbs,0.000000
1783621309.706,/node/io_write_mbs,0.000000
1783621310.205,/node/io_write_mbs,0.000000
1783621310.704,/node/io_write_mbs,0.000000
1783621311.207,/node/io_write_mbs,0.000000
1783621311.714,/node/io_write_mbs,0.000000
1783621312.205,/node/io_write_mbs,0.000000
1783621312.704,/node/io_write_mbs,0.000000
1783621313.205,/node/io_write_mbs,0.000000
1783621313.706,/node/io_write_mbs,0.000000
1783621314.205,/node/io_write_mbs,0.000000
1783621314.704,/node/io_write_mbs,0.046852
1783621315.216,/node/io_write_mbs,0.015628
1783621315.704,/node/io_write_mbs,0.000000
1783621316.206,/node/io_write_mbs,0.000000
1783621316.702,/node/io_write_mbs,0.000000
1783621317.202,/node/io_write_mbs,0.000000
1783621317.714,/node/io_write_mbs,0.000000
1783621318.205,/node/io_write_mbs,0.000000
1783621318.705,/node/io_write_mbs,0.000000
1783621319.204,/node/io_write_mbs,0.000000
1783621319.704,/node/io_write_mbs,0.000000
1783621320.205,/node/io_write_mbs,0.000000
1783621320.706,/node/io_write_mbs,0.000000
1783621321.204,/node/io_write_mbs,0.000000
1783621321.698,/node/io_write_mbs,0.000000
1783621322.205,/node/io_write_mbs,0.000000
1783621322.705,/node/io_write_mbs,0.000000
1783621323.201,/node/io_write_mbs,0.000000
1783621323.705,/node/io_write_mbs,0.000000
1783621324.202,/node/io_write_mbs,0.000000
1783621324.716,/node/io_write_mbs,0.000000
1783621325.215,/node/io_write_mbs,0.000000
1783621325.705,/node/io_write_mbs,0.000000
1783621326.201,/node/io_write_mbs,0.000000
1783621326.706,/node/io_write_mbs,0.000000
1783621327.204,/node/io_write_mbs,0.000000
1783621327.705,/node/io_write_mbs,0.000000
1783621328.203,/node/io_write_mbs,0.000000
1783621328.705,/node/io_write_mbs,0.000000
1783621329.205,/node/io_write_mbs,0.000000
1783621329.703,/node/io_write_mbs,0.000000
1783621330.205,/node/io_write_mbs,0.000000
1783621330.703,/node/io_write_mbs,0.000000
1783621331.217,/node/io_write_mbs,0.000000
1783621331.706,/node/io_write_mbs,0.000000
1783621332.203,/node/io_write_mbs,0.000000
1783621332.703,/node/io_write_mbs,0.000000
1783621333.206,/node/io_write_mbs,0.000000
1783621333.705,/node/io_write_mbs,0.000000
1783621334.213,/node/io_write_mbs,0.000000
1783621334.707,/node/io_write_mbs,0.000000
1783621335.203,/node/io_write_mbs,0.000000
1783621335.701,/node/io_write_mbs,0.000000
1783621336.203,/node/io_write_mbs,0.000000
1783621336.705,/node/io_write_mbs,0.000000
1783621337.203,/node/io_write_mbs,0.000000
1783621337.703,/node/io_write_mbs,0.000000
1783621338.200,/node/io_write_mbs,0.000000
1783621338.701,/node/io_write_mbs,0.000000
1783621339.215,/node/io_write_mbs,0.000000
1783621339.700,/node/io_write_mbs,0.000000
1783621340.200,/node/io_write_mbs,0.000000
1783621340.703,/node/io_write_mbs,0.000000
1783621341.205,/node/io_write_mbs,0.015621
1783621341.705,/node/io_write_mbs,0.000000
1783621342.199,/node/io_write_mbs,0.000000
1783621342.704,/node/io_write_mbs,0.000000
1783621343.205,/node/io_write_mbs,0.000000
1783621343.704,/node/io_write_mbs,0.000000
1783621344.212,/node/io_write_mbs,0.000000
1783621344.704,/node/io_write_mbs,0.046865
1783621345.204,/node/io_write_mbs,0.000000
1783621345.700,/node/io_write_mbs,0.000000
1783621346.212,/node/io_write_mbs,0.000000
1783621346.701,/node/io_write_mbs,0.000000
1783621347.204,/node/io_write_mbs,0.000000
1783621347.705,/node/io_write_mbs,0.000000
1783621348.205,/node/io_write_mbs,0.000000
1783621348.704,/node/io_write_mbs,0.000000
1783621349.204,/node/io_write_mbs,0.000000
1783621349.704,/node/io_write_mbs,0.000000
1783621350.214,/node/io_write_mbs,0.000000
1783621350.702,/node/io_write_mbs,0.000000
1783621351.203,/node/io_write_mbs,0.000000
1783621351.701,/node/io_write_mbs,0.000000
1783621352.200,/node/io_write_mbs,0.000000
1783621352.700,/node/io_write_mbs,0.000000
1783621353.203,/node/io_write_mbs,0.000000
1783621353.702,/node/io_write_mbs,0.000000
1783621354.199,/node/io_write_mbs,0.000000
1783621354.704,/node/io_write_mbs,0.000000
1783621355.199,/node/io_write_mbs,0.000000
1783621355.700,/node/io_write_mbs,0.000000
1783621356.211,/node/io_write_mbs,0.000000
1783621356.703,/node/io_write_mbs,0.000000
1783621357.200,/node/io_write_mbs,0.000000
1783621357.711,/node/io_write_mbs,0.000000
1783621358.202,/node/io_write_mbs,0.000000
1783621358.703,/node/io_write_mbs,0.000000
1783621359.201,/node/io_write_mbs,0.000000
1783621359.702,/node/io_write_mbs,0.000000
1783621360.203,/node/io_write_mbs,0.000000
1783621360.701,/node/io_write_mbs,0.000000
1783621361.204,/node/io_write_mbs,0.000000
1783621361.702,/node/io_write_mbs,0.000000
1783621362.201,/node/io_write_mbs,0.000000
1783621362.700,/node/io_write_mbs,0.000000
1783621363.199,/node/io_write_mbs,0.000000
1783621363.699,/node/io_write_mbs,0.000000
1783621364.203,/node/io_write_mbs,0.000000
1783621364.699,/node/io_write_mbs,0.000000
1783621365.201,/node/io_write_mbs,0.000000
1783621365.701,/node/io_write_mbs,0.000000
1783621366.200,/node/io_write_mbs,0.000000
1783621366.700,/node/io_write_mbs,0.000000
1783621367.203,/node/io_write_mbs,0.000000
1783621367.696,/node/io_write_mbs,0.000000
1783621368.202,/node/io_write_mbs,0.000000
1783621368.698,/node/io_write_mbs,0.000000
1783621369.197,/node/io_write_mbs,0.000000
1783621369.701,/node/io_write_mbs,0.000000
1783621370.201,/node/io_write_mbs,0.000000
1783621370.713,/node/io_write_mbs,0.000000
1783621371.200,/node/io_write_mbs,0.000000
1783621371.701,/node/io_write_mbs,0.000000
1783621372.203,/node/io_write_mbs,0.000000
1783621372.703,/node/io_write_mbs,0.000000
1783621373.199,/node/io_write_mbs,0.000000
1783621373.699,/node/io_write_mbs,0.000000
1783621374.197,/node/io_write_mbs,0.000000
1783621374.699,/node/io_write_mbs,0.046868
1783621375.197,/node/io_write_mbs,0.015624
1783621375.699,/node/io_write_mbs,0.000000
1783621376.199,/node/io_write_mbs,0.000000
1783621376.697,/node/io_write_mbs,0.000000
1783621377.200,/node/io_write_mbs,0.000000
1783621377.699,/node/io_write_mbs,0.000000
1783621378.201,/node/io_write_mbs,0.000000
1783621378.697,/node/io_write_mbs,0.000000
1783621379.200,/node/io_write_mbs,0.000000
1783621379.701,/node/io_write_mbs,0.000000
1783621380.202,/node/io_write_mbs,0.000000
1783621380.700,/node/io_write_mbs,0.000000
1783621381.199,/node/io_write_mbs,0.000000
1783621381.698,/node/io_write_mbs,0.000000
1783621382.198,/node/io_write_mbs,0.000000
1783621382.699,/node/io_write_mbs,0.000000
1783621383.198,/node/io_write_mbs,0.000000
1783621383.697,/node/io_write_mbs,0.000000
1783621384.200,/node/io_write_mbs,0.000000
1783621384.697,/node/io_write_mbs,0.000000
1783621385.196,/node/io_write_mbs,0.000000
1783621385.707,/node/io_write_mbs,0.000000
1783621386.198,/node/io_write_mbs,0.000000
1783621386.698,/node/io_write_mbs,0.000000
1783621387.211,/node/io_write_mbs,0.000000
1783621387.699,/node/io_write_mbs,0.000000
1783621388.196,/node/io_write_mbs,0.000000
1783621388.695,/node/io_write_mbs,0.000000
1783621389.196,/node/io_write_mbs,0.000000
1783621389.699,/node/io_write_mbs,0.000000
1783621390.197,/node/io_write_mbs,0.000000
1783621390.699,/node/io_write_mbs,0.000000
1783621391.199,/node/io_write_mbs,0.000000
1783621391.698,/node/io_write_mbs,0.000000
1783621392.197,/node/io_write_mbs,0.000000
1783621392.697,/node/io_write_mbs,0.000000
1783621393.195,/node/io_write_mbs,0.000000
1783621393.698,/node/io_write_mbs,0.000000
1783621394.200,/node/io_write_mbs,0.000000
1783621394.700,/node/io_write_mbs,0.000000
1783621395.195,/node/io_write_mbs,0.000000
1783621395.695,/node/io_write_mbs,0.000000
1783621396.206,/node/io_write_mbs,0.000000
1783621396.708,/node/io_write_mbs,0.000000
1783621397.196,/node/io_write_mbs,0.000000
1783621397.696,/node/io_write_mbs,0.000000
1783621398.198,/node/io_write_mbs,0.000000
1783621398.697,/node/io_write_mbs,0.000000
1783621399.197,/node/io_write_mbs,0.000000
1783621399.697,/node/io_write_mbs,0.000000
1783621400.195,/node/io_write_mbs,0.000000
1783621400.697,/node/io_write_mbs,0.031249
1783621401.199,/node/io_write_mbs,0.000000
1783621401.695,/node/io_write_mbs,0.000000
1783621402.197,/node/io_write_mbs,0.000000
1783621402.695,/node/io_write_mbs,0.000000
1783621403.198,/node/io_write_mbs,0.000000
1783621403.695,/node/io_write_mbs,0.000000
1783621404.206,/node/io_write_mbs,0.000000
1783621404.705,/node/io_write_mbs,0.078132
1783621405.196,/node/io_write_mbs,0.000000
1783621405.695,/node/io_write_mbs,0.000000
1783621406.196,/node/io_write_mbs,0.000000
1783621406.699,/node/io_write_mbs,0.000000
1783621407.197,/node/io_write_mbs,0.000000
1783621407.700,/node/io_write_mbs,0.000000
1783621408.196,/node/io_write_mbs,0.000000
1783621408.704,/node/io_write_mbs,0.000000
1783621409.197,/node/io_write_mbs,0.000000
1783621409.696,/node/io_write_mbs,0.000000
1783621410.209,/node/io_write_mbs,0.000000
1783621410.698,/node/io_write_mbs,0.000000
1783621411.197,/node/io_write_mbs,0.000000
1783621411.705,/node/io_write_mbs,0.000000
1783621412.196,/node/io_write_mbs,0.000000
1783621412.694,/node/io_write_mbs,0.000000
1783621413.195,/node/io_write_mbs,0.000000
1783621413.697,/node/io_write_mbs,0.000000
1783621414.195,/node/io_write_mbs,0.000000
1783621414.695,/node/io_write_mbs,0.000000
1783621415.195,/node/io_write_mbs,0.000000
1783621415.696,/node/io_write_mbs,0.000000
1783621416.194,/node/io_write_mbs,0.000000
1783621416.697,/node/io_write_mbs,0.000000
1783621417.206,/node/io_write_mbs,0.000000
1783621417.694,/node/io_write_mbs,0.000000
1783621418.194,/node/io_write_mbs,0.000000
1783621418.692,/node/io_write_mbs,0.000000
1783621419.195,/node/io_write_mbs,0.000000
1783621419.708,/node/io_write_mbs,0.000000
1783621420.196,/node/io_write_mbs,0.000000
1783621420.694,/node/io_write_mbs,0.000000
1783621421.197,/node/io_write_mbs,0.000000
1783621421.695,/node/io_write_mbs,0.000000
1783621422.196,/node/io_write_mbs,0.000000
1783621422.692,/node/io_write_mbs,0.000000
1783621423.193,/node/io_write_mbs,0.000000
1783621423.693,/node/io_write_mbs,0.000000
1783621424.192,/node/io_write_mbs,0.000000
1783621424.694,/node/io_write_mbs,0.000000
1783621425.192,/node/io_write_mbs,0.000000
1783621425.693,/node/io_write_mbs,0.000000
1783621426.194,/node/io_write_mbs,0.000000
1783621426.692,/node/io_write_mbs,0.000000
1783621427.195,/node/io_write_mbs,0.000000
1783621427.692,/node/io_write_mbs,0.000000
1783621428.193,/node/io_write_mbs,0.000000
1783621428.690,/node/io_write_mbs,0.000000
1783621429.193,/node/io_write_mbs,0.000000
1783621429.692,/node/io_write_mbs,0.000000
1783621430.193,/node/io_write_mbs,0.000000
1783621430.693,/node/io_write_mbs,0.000000
1783621431.193,/node/io_write_mbs,0.000000
1783621431.694,/node/io_write_mbs,0.000000
1783621432.193,/node/io_write_mbs,0.000000
1783621432.691,/node/io_write_mbs,0.000000
1783621433.193,/node/io_write_mbs,0.000000
1783621433.693,/node/io_write_mbs,0.000000
1783621434.195,/node/io_write_mbs,0.000000
1783621434.692,/node/io_write_mbs,0.046863
1783621435.193,/node/io_write_mbs,0.046861
1783621435.692,/node/io_write_mbs,0.000000
1783621436.192,/node/io_write_mbs,0.000000
1783621436.691,/node/io_write_mbs,0.000000
1783621437.191,/node/io_write_mbs,0.000000
1783621437.692,/node/io_write_mbs,0.000000
1783621438.192,/node/io_write_mbs,0.000000
1783621438.690,/node/io_write_mbs,0.000000
1783621439.190,/node/io_write_mbs,0.000000
1783621439.694,/node/io_write_mbs,0.000000
1783621440.193,/node/io_write_mbs,0.000000
1783621440.694,/node/io_write_mbs,0.000000
1783621441.194,/node/io_write_mbs,0.000000
1783621441.692,/node/io_write_mbs,0.000000
1783621442.191,/node/io_write_mbs,0.000000
1783621442.691,/node/io_write_mbs,0.000000
1783621443.191,/node/io_write_mbs,0.000000
1783621443.693,/node/io_write_mbs,0.000000
1783621444.192,/node/io_write_mbs,0.000000
1783621444.692,/node/io_write_mbs,0.000000
1783621445.194,/node/io_write_mbs,0.000000
1783621445.693,/node/io_write_mbs,0.000000
1783621446.191,/node/io_write_mbs,0.000000
1783621446.691,/node/io_write_mbs,0.000000
1783621447.191,/node/io_write_mbs,0.000000
1783621447.693,/node/io_write_mbs,0.000000
1783621448.193,/node/io_write_mbs,0.000000
1783621448.691,/node/io_write_mbs,0.000000
1783621449.191,/node/io_write_mbs,0.000000
1783621449.691,/node/io_write_mbs,0.000000
1783621450.193,/node/io_write_mbs,0.000000
1783621450.693,/node/io_write_mbs,0.000000
1783621451.191,/node/io_write_mbs,0.000000
1783621451.693,/node/io_write_mbs,0.000000
1783621452.193,/node/io_write_mbs,0.000000
1783621452.692,/node/io_write_mbs,0.000000
1783621453.193,/node/io_write_mbs,0.000000
1783621453.693,/node/io_write_mbs,0.000000
1783621454.193,/node/io_write_mbs,0.000000
1783621454.696,/node/io_write_mbs,0.000000
1783621455.193,/node/io_write_mbs,0.000000
1783621455.693,/node/io_write_mbs,0.000000
1783621456.193,/node/io_write_mbs,0.000000
1783621456.693,/node/io_write_mbs,0.000000
1783621457.194,/node/io_write_mbs,0.000000
1783621457.696,/node/io_write_mbs,0.000000
1783621458.193,/node/io_write_mbs,0.000000
1783621458.693,/node/io_write_mbs,0.000000
1783621459.190,/node/io_write_mbs,0.000000
1783621459.693,/node/io_write_mbs,0.000000
1783621460.193,/node/io_write_mbs,0.000000
1783621460.695,/node/io_write_mbs,0.015610
1783621461.193,/node/io_write_mbs,0.000000
1783621461.693,/node/io_write_mbs,0.000000
1783621462.193,/node/io_write_mbs,0.000000
1783621462.693,/node/io_write_mbs,0.000000
1783621463.193,/node/io_write_mbs,0.000000
1783621463.696,/node/io_write_mbs,0.000000
1783621464.193,/node/io_write_mbs,0.000000
1783621464.693,/node/io_write_mbs,0.046870
1783621465.193,/node/io_write_mbs,0.000000
1783621465.695,/node/io_write_mbs,0.000000
1783621466.195,/node/io_write_mbs,0.000000
1783621466.694,/node/io_write_mbs,0.000000
1783621467.192,/node/io_write_mbs,0.000000
1783621467.695,/node/io_write_mbs,0.000000
1783621468.193,/node/io_write_mbs,0.000000
1783621468.695,/node/io_write_mbs,0.000000
1783621469.195,/node/io_write_mbs,0.000000
1783621469.705,/node/io_write_mbs,0.000000
1783621470.195,/node/io_write_mbs,0.000000
1783621470.695,/node/io_write_mbs,0.000000
1783621471.195,/node/io_write_mbs,0.000000
1783621471.695,/node/io_write_mbs,0.000000
1783621472.194,/node/io_write_mbs,0.000000
1783621472.692,/node/io_write_mbs,0.000000
1783621473.207,/node/io_write_mbs,0.000000
1783621473.695,/node/io_write_mbs,0.000000
1783621474.194,/node/io_write_mbs,0.000000
1783621474.693,/node/io_write_mbs,0.000000
1783621475.207,/node/io_write_mbs,0.000000
1783621475.692,/node/io_write_mbs,0.000000
1783621476.195,/node/io_write_mbs,0.000000
1783621476.694,/node/io_write_mbs,0.000000
1783621477.194,/node/io_write_mbs,0.000000
1783621477.692,/node/io_write_mbs,0.000000
1783621478.197,/node/io_write_mbs,0.000000
1783621478.699,/node/io_write_mbs,0.000000
1783621479.192,/node/io_write_mbs,0.000000
1783621479.697,/node/io_write_mbs,0.000000
1783621480.194,/node/io_write_mbs,0.000000
1783621480.694,/node/io_write_mbs,0.000000
1783621481.194,/node/io_write_mbs,0.000000
1783621481.694,/node/io_write_mbs,0.000000
1783621482.194,/node/io_write_mbs,0.000000
1783621482.692,/node/io_write_mbs,0.000000
1783621483.194,/node/io_write_mbs,0.000000
1783621483.694,/node/io_write_mbs,0.000000
1783621484.194,/node/io_write_mbs,0.000000
