cycle,module,op,latency_s,status,rss_kb,vmsize_kb,mem_available_kb,components_loaded,timestamp
0,all,baseline,0,OK,2848,4560,45679996,"{"loaded":[{"unique_id":1;"full_node_name":"ComponentManager"};{"unique_id":2;"full_node_name":"ComponentManager"};{"unique_id":3;"full_node_name":"ComponentManager"};{"unique_id":4;"full_node_name":"ComponentManager"}];"tracked":{"camera":1;"yolo":2;"llava":3;"voxtral":4};"available":["camera";"yolo";"llava";"voxtral"]}",2026-07-12T19:37:55Z
1,yolo,unload,0.31,OK,2848,4560,45703272,"{"loaded":[];"tracked":{"camera":1;"llava":3;"voxtral":4};"available":["camera";"yolo";"llava";"voxtral"]}",2026-07-12T19:38:02Z
1,yolo,load,5.32,OK,2868,4560,52224832,"{"loaded":[{"unique_id":1;"full_node_name":"ComponentManager"}];"tracked":{"camera":1;"llava":3;"voxtral":4;"yolo":1};"available":["camera";"yolo";"llava";"voxtral"]}",2026-07-12T19:38:13Z
1,llava,unload,0.27,FAIL,2868,4560,52207076,"{"loaded":[{"unique_id":1;"full_node_name":"ComponentManager"}];"tracked":{"camera":1;"llava":3;"voxtral":4;"yolo":1};"available":["camera";"yolo";"llava";"voxtral"]}",2026-07-12T19:38:19Z
1,llava,unload_retry,0.28,FAIL_PERSISTENT,2868,4560,52201296,"{"loaded":[{"unique_id":1;"full_node_name":"ComponentManager"}];"tracked":{"camera":1;"llava":3;"voxtral":4;"yolo":1};"available":["camera";"yolo";"llava";"voxtral"]}",2026-07-12T19:38:35Z
1,llava,load,0.25,OK,2868,4560,52196832,"{"loaded":[{"unique_id":1;"full_node_name":"ComponentManager"}];"tracked":{"camera":1;"llava":3;"voxtral":4;"yolo":1};"available":["camera";"yolo";"llava";"voxtral"]}",2026-07-12T19:38:41Z
1,voxtral,unload,0.26,FAIL,2868,4560,52189420,"{"loaded":[{"unique_id":1;"full_node_name":"ComponentManager"}];"tracked":{"camera":1;"llava":3;"voxtral":4;"yolo":1};"available":["camera";"yolo";"llava";"voxtral"]}",2026-07-12T19:38:47Z
1,voxtral,unload_retry,0.26,FAIL_PERSISTENT,2868,4560,52202784,"{"loaded":[{"unique_id":1;"full_node_name":"ComponentManager"}];"tracked":{"camera":1;"llava":3;"voxtral":4;"yolo":1};"available":["camera";"yolo";"llava";"voxtral"]}",2026-07-12T19:39:03Z
1,voxtral,load,0.28,OK,2868,4560,52190972,"{"loaded":[{"unique_id":1;"full_node_name":"ComponentManager"}];"tracked":{"camera":1;"llava":3;"voxtral":4;"yolo":1};"available":["camera";"yolo";"llava";"voxtral"]}",2026-07-12T19:39:09Z
2,yolo,unload,0.30,OK,2868,4560,52185728,"{"loaded":[];"tracked":{"camera":1;"llava":3;"voxtral":4};"available":["camera";"yolo";"llava";"voxtral"]}",2026-07-12T19:39:15Z
2,yolo,load,0.58,OK,2868,4560,52171652,"{"loaded":[{"unique_id":2;"full_node_name":"ComponentManager"}];"tracked":{"camera":1;"llava":3;"voxtral":4;"yolo":2};"available":["camera";"yolo";"llava";"voxtral"]}",2026-07-12T19:39:22Z
2,llava,unload,0.35,FAIL,2868,4560,52156668,"{"loaded":[{"unique_id":2;"full_node_name":"ComponentManager"}];"tracked":{"camera":1;"llava":3;"voxtral":4;"yolo":2};"available":["camera";"yolo";"llava";"voxtral"]}",2026-07-12T19:39:28Z
2,llava,unload_retry,0.28,FAIL_PERSISTENT,2868,4560,52158344,"{"loaded":[{"unique_id":2;"full_node_name":"ComponentManager"}];"tracked":{"camera":1;"llava":3;"voxtral":4;"yolo":2};"available":["camera";"yolo";"llava";"voxtral"]}",2026-07-12T19:39:44Z
2,llava,load,0.27,OK,2868,4560,52151632,"{"loaded":[{"unique_id":2;"full_node_name":"ComponentManager"}];"tracked":{"camera":1;"llava":3;"voxtral":4;"yolo":2};"available":["camera";"yolo";"llava";"voxtral"]}",2026-07-12T19:39:51Z
2,voxtral,unload,0.27,FAIL,2868,4560,52149320,"{"loaded":[{"unique_id":2;"full_node_name":"ComponentManager"}];"tracked":{"camera":1;"llava":3;"voxtral":4;"yolo":2};"available":["camera";"yolo";"llava";"voxtral"]}",2026-07-12T19:39:57Z
2,voxtral,unload_retry,0.27,FAIL_PERSISTENT,2868,4560,52149380,"{"loaded":[{"unique_id":2;"full_node_name":"ComponentManager"}];"tracked":{"camera":1;"llava":3;"voxtral":4;"yolo":2};"available":["camera";"yolo";"llava";"voxtral"]}",2026-07-12T19:40:13Z
2,voxtral,load,0.30,OK,2868,4560,52151752,"{"loaded":[{"unique_id":2;"full_node_name":"ComponentManager"}];"tracked":{"camera":1;"llava":3;"voxtral":4;"yolo":2};"available":["camera";"yolo";"llava";"voxtral"]}",2026-07-12T19:40:19Z
3,yolo,unload,0.29,OK,2868,4560,52144572,"{"loaded":[];"tracked":{"camera":1;"llava":3;"voxtral":4};"available":["camera";"yolo";"llava";"voxtral"]}",2026-07-12T19:40:25Z
3,yolo,load,0.54,OK,2868,4560,52132184,"{"loaded":[{"unique_id":3;"full_node_name":"ComponentManager"}];"tracked":{"camera":1;"llava":3;"voxtral":4;"yolo":3};"available":["camera";"yolo";"llava";"voxtral"]}",2026-07-12T19:40:31Z
3,llava,unload,0.29,OK,2868,4560,52130832,"{"loaded":[];"tracked":{"camera":1;"voxtral":4;"yolo":3};"available":["camera";"yolo";"llava";"voxtral"]}",2026-07-12T19:40:37Z
3,llava,load,11.81,OK,2868,4560,46171800,"{"loaded":[{"unique_id":4;"full_node_name":"ComponentManager"}];"tracked":{"camera":1;"voxtral":4;"yolo":3;"llava":4};"available":["camera";"yolo";"llava";"voxtral"]}",2026-07-12T19:40:55Z
3,voxtral,unload,0.29,OK,2868,4560,46173548,"{"loaded":[];"tracked":{"camera":1;"yolo":3;"llava":4};"available":["camera";"yolo";"llava";"voxtral"]}",2026-07-12T19:41:01Z
3,voxtral,load,0.44,OK,2868,4560,46174432,"{"loaded":[{"unique_id":5;"full_node_name":"ComponentManager"}];"tracked":{"camera":1;"yolo":3;"llava":4;"voxtral":5};"available":["camera";"yolo";"llava";"voxtral"]}",2026-07-12T19:41:07Z
4,yolo,unload,0.26,FAIL,2868,4560,46172520,"{"loaded":[{"unique_id":5;"full_node_name":"ComponentManager"}];"tracked":{"camera":1;"yolo":3;"llava":4;"voxtral":5};"available":["camera";"yolo";"llava";"voxtral"]}",2026-07-12T19:41:13Z
4,yolo,unload_retry,0.38,FAIL_PERSISTENT,2868,4560,46172132,"{"loaded":[{"unique_id":5;"full_node_name":"ComponentManager"}];"tracked":{"camera":1;"yolo":3;"llava":4;"voxtral":5};"available":["camera";"yolo";"llava";"voxtral"]}",2026-07-12T19:41:30Z
4,yolo,load,0.26,OK,2868,4560,46179204,"{"loaded":[{"unique_id":5;"full_node_name":"ComponentManager"}];"tracked":{"camera":1;"yolo":3;"llava":4;"voxtral":5};"available":["camera";"yolo";"llava";"voxtral"]}",2026-07-12T19:41:36Z
4,llava,unload,0.26,FAIL,2868,4560,46174164,"{"loaded":[{"unique_id":5;"full_node_name":"ComponentManager"}];"tracked":{"camera":1;"yolo":3;"llava":4;"voxtral":5};"available":["camera";"yolo";"llava";"voxtral"]}",2026-07-12T19:41:42Z
4,llava,unload_retry,0.27,FAIL_PERSISTENT,2868,4560,46164160,"{"loaded":[{"unique_id":5;"full_node_name":"ComponentManager"}];"tracked":{"camera":1;"yolo":3;"llava":4;"voxtral":5};"available":["camera";"yolo";"llava";"voxtral"]}",2026-07-12T19:41:58Z
4,llava,load,0.25,OK,2868,4560,46182928,"{"loaded":[{"unique_id":5;"full_node_name":"ComponentManager"}];"tracked":{"camera":1;"yolo":3;"llava":4;"voxtral":5};"available":["camera";"yolo";"llava";"voxtral"]}",2026-07-12T19:42:04Z
4,voxtral,unload,0.30,OK,2868,4560,46178372,"{"loaded":[];"tracked":{"camera":1;"yolo":3;"llava":4};"available":["camera";"yolo";"llava";"voxtral"]}",2026-07-12T19:42:10Z
4,voxtral,load,0.29,OK,2868,4560,46183344,"{"loaded":[{"unique_id":6;"full_node_name":"ComponentManager"}];"tracked":{"camera":1;"yolo":3;"llava":4;"voxtral":6};"available":["camera";"yolo";"llava";"voxtral"]}",2026-07-12T19:42:16Z
5,yolo,unload,0.25,FAIL,2868,4560,46174008,"{"loaded":[{"unique_id":6;"full_node_name":"ComponentManager"}];"tracked":{"camera":1;"yolo":3;"llava":4;"voxtral":6};"available":["camera";"yolo";"llava";"voxtral"]}",2026-07-12T19:42:22Z
5,yolo,unload_retry,0.31,FAIL_PERSISTENT,2868,4560,46178456,"{"loaded":[{"unique_id":6;"full_node_name":"ComponentManager"}];"tracked":{"camera":1;"yolo":3;"llava":4;"voxtral":6};"available":["camera";"yolo";"llava";"voxtral"]}",2026-07-12T19:42:38Z
5,llava,unload,0.26,FAIL,2868,4560,46180264,"{"loaded":[{"unique_id":6;"full_node_name":"ComponentManager"}];"tracked":{"camera":1;"yolo":3;"llava":4;"voxtral":6};"available":["camera";"yolo";"llava";"voxtral"]}",2026-07-12T19:42:44Z
5,llava,unload_retry,0.27,FAIL_PERSISTENT,2868,4560,46182272,"{"loaded":[{"unique_id":6;"full_node_name":"ComponentManager"}];"tracked":{"camera":1;"yolo":3;"llava":4;"voxtral":6};"available":["camera";"yolo";"llava";"voxtral"]}",2026-07-12T19:43:00Z
5,voxtral,unload,0.30,OK,2868,4560,46179736,"{"loaded":[];"tracked":{"camera":1;"yolo":3;"llava":4};"available":["camera";"yolo";"llava";"voxtral"]}",2026-07-12T19:43:07Z
5,yolo,load,0.26,OK,2868,4560,46187260,"{"loaded":[];"tracked":{"camera":1;"yolo":3;"llava":4};"available":["camera";"yolo";"llava";"voxtral"]}",2026-07-12T19:43:13Z
5,llava,load,0.28,OK,2868,4560,46182560,"{"loaded":[];"tracked":{"camera":1;"yolo":3;"llava":4};"available":["camera";"yolo";"llava";"voxtral"]}",2026-07-12T19:43:19Z
5,voxtral,load,0.28,OK,2868,4560,46181900,"{"loaded":[{"unique_id":7;"full_node_name":"ComponentManager"}];"tracked":{"camera":1;"yolo":3;"llava":4;"voxtral":7};"available":["camera";"yolo";"llava";"voxtral"]}",2026-07-12T19:43:25Z
6,yolo,unload,0.27,FAIL,2868,4560,46180060,"{"loaded":[{"unique_id":7;"full_node_name":"ComponentManager"}];"tracked":{"camera":1;"yolo":3;"llava":4;"voxtral":7};"available":["camera";"yolo";"llava";"voxtral"]}",2026-07-12T19:43:31Z
6,yolo,unload_retry,0.27,FAIL_PERSISTENT,2868,4560,46176060,"{"loaded":[{"unique_id":7;"full_node_name":"ComponentManager"}];"tracked":{"camera":1;"yolo":3;"llava":4;"voxtral":7};"available":["camera";"yolo";"llava";"voxtral"]}",2026-07-12T19:43:47Z
6,yolo,load,0.23,OK,2868,4560,46174016,"{"loaded":[{"unique_id":7;"full_node_name":"ComponentManager"}];"tracked":{"camera":1;"yolo":3;"llava":4;"voxtral":7};"available":["camera";"yolo";"llava";"voxtral"]}",2026-07-12T19:43:53Z
6,llava,unload,0.30,FAIL,2868,4560,46178276,"{"loaded":[{"unique_id":7;"full_node_name":"ComponentManager"}];"tracked":{"camera":1;"yolo":3;"llava":4;"voxtral":7};"available":["camera";"yolo";"llava";"voxtral"]}",2026-07-12T19:43:59Z
6,llava,unload_retry,0.27,FAIL_PERSISTENT,2868,4560,46171556,"{"loaded":[{"unique_id":7;"full_node_name":"ComponentManager"}];"tracked":{"camera":1;"yolo":3;"llava":4;"voxtral":7};"available":["camera";"yolo";"llava";"voxtral"]}",2026-07-12T19:44:15Z
6,llava,load,0.25,OK,2868,4560,46177180,"{"loaded":[{"unique_id":7;"full_node_name":"ComponentManager"}];"tracked":{"camera":1;"yolo":3;"llava":4;"voxtral":7};"available":["camera";"yolo";"llava";"voxtral"]}",2026-07-12T19:44:21Z
6,voxtral,unload,0.28,OK,2868,4560,46180112,"{"loaded":[];"tracked":{"camera":1;"yolo":3;"llava":4};"available":["camera";"yolo";"llava";"voxtral"]}",2026-07-12T19:44:27Z
6,voxtral,load,0.29,OK,2868,4560,46172396,"{"loaded":[{"unique_id":8;"full_node_name":"ComponentManager"}];"tracked":{"camera":1;"yolo":3;"llava":4;"voxtral":8};"available":["camera";"yolo";"llava";"voxtral"]}",2026-07-12T19:44:33Z
7,yolo,unload,0.27,FAIL,2868,4560,46168128,"{"loaded":[{"unique_id":8;"full_node_name":"ComponentManager"}];"tracked":{"camera":1;"yolo":3;"llava":4;"voxtral":8};"available":["camera";"yolo";"llava";"voxtral"]}",2026-07-12T19:44:40Z
7,yolo,unload_retry,0.26,FAIL_PERSISTENT,2868,4560,46165940,"{"loaded":[{"unique_id":8;"full_node_name":"ComponentManager"}];"tracked":{"camera":1;"yolo":3;"llava":4;"voxtral":8};"available":["camera";"yolo";"llava";"voxtral"]}",2026-07-12T19:44:56Z
7,yolo,load,0.25,OK,2868,4560,46166072,"{"loaded":[{"unique_id":8;"full_node_name":"ComponentManager"}];"tracked":{"camera":1;"yolo":3;"llava":4;"voxtral":8};"available":["camera";"yolo";"llava";"voxtral"]}",2026-07-12T19:45:02Z
7,llava,unload,0.27,FAIL,2868,4560,46169404,"{"loaded":[{"unique_id":8;"full_node_name":"ComponentManager"}];"tracked":{"camera":1;"yolo":3;"llava":4;"voxtral":8};"available":["camera";"yolo";"llava";"voxtral"]}",2026-07-12T19:45:08Z
7,llava,unload_retry,0.31,FAIL_PERSISTENT,2868,4560,46168324,"{"loaded":[{"unique_id":8;"full_node_name":"ComponentManager"}];"tracked":{"camera":1;"yolo":3;"llava":4;"voxtral":8};"available":["camera";"yolo";"llava";"voxtral"]}",2026-07-12T19:45:24Z
7,llava,load,0.37,OK,2868,4560,46172000,"{"loaded":[{"unique_id":8;"full_node_name":"ComponentManager"}];"tracked":{"camera":1;"yolo":3;"llava":4;"voxtral":8};"available":["camera";"yolo";"llava";"voxtral"]}",2026-07-12T19:45:30Z
7,voxtral,unload,0.30,OK,2868,4560,46174864,"{"loaded":[];"tracked":{"camera":1;"yolo":3;"llava":4};"available":["camera";"yolo";"llava";"voxtral"]}",2026-07-12T19:45:36Z
7,voxtral,load,0.30,OK,2868,4560,46164400,"{"loaded":[{"unique_id":9;"full_node_name":"ComponentManager"}];"tracked":{"camera":1;"yolo":3;"llava":4;"voxtral":9};"available":["camera";"yolo";"llava";"voxtral"]}",2026-07-12T19:45:42Z
8,yolo,unload,0.30,FAIL,2868,4560,46164000,"{"loaded":[{"unique_id":9;"full_node_name":"ComponentManager"}];"tracked":{"camera":1;"yolo":3;"llava":4;"voxtral":9};"available":["camera";"yolo";"llava";"voxtral"]}",2026-07-12T19:45:48Z
8,yolo,unload_retry,0.27,FAIL_PERSISTENT,2868,4560,46164832,"{"loaded":[{"unique_id":9;"full_node_name":"ComponentManager"}];"tracked":{"camera":1;"yolo":3;"llava":4;"voxtral":9};"available":["camera";"yolo";"llava";"voxtral"]}",2026-07-12T19:46:04Z
8,yolo,load,0.26,OK,2868,4560,46171156,"{"loaded":[{"unique_id":9;"full_node_name":"ComponentManager"}];"tracked":{"camera":1;"yolo":3;"llava":4;"voxtral":9};"available":["camera";"yolo";"llava";"voxtral"]}",2026-07-12T19:46:11Z
8,llava,unload,0.27,FAIL,2868,4560,46163328,"{"loaded":[{"unique_id":9;"full_node_name":"ComponentManager"}];"tracked":{"camera":1;"yolo":3;"llava":4;"voxtral":9};"available":["camera";"yolo";"llava";"voxtral"]}",2026-07-12T19:46:17Z
8,llava,unload_retry,0.27,FAIL_PERSISTENT,2868,4560,46163920,"{"loaded":[{"unique_id":9;"full_node_name":"ComponentManager"}];"tracked":{"camera":1;"yolo":3;"llava":4;"voxtral":9};"available":["camera";"yolo";"llava";"voxtral"]}",2026-07-12T19:46:33Z
8,llava,load,0.29,OK,2868,4560,46165556,"{"loaded":[{"unique_id":9;"full_node_name":"ComponentManager"}];"tracked":{"camera":1;"yolo":3;"llava":4;"voxtral":9};"available":["camera";"yolo";"llava";"voxtral"]}",2026-07-12T19:46:39Z
8,voxtral,unload,0.31,OK,2868,4560,46166328,"{"loaded":[];"tracked":{"camera":1;"yolo":3;"llava":4};"available":["camera";"yolo";"llava";"voxtral"]}",2026-07-12T19:46:45Z
8,voxtral,load,0.32,OK,2868,4560,46161324,"{"loaded":[{"unique_id":10;"full_node_name":"ComponentManager"}];"tracked":{"camera":1;"yolo":3;"llava":4;"voxtral":10};"available":["camera";"yolo";"llava";"voxtral"]}",2026-07-12T19:46:51Z
9,yolo,unload,0.28,FAIL,2868,4560,46165260,"{"loaded":[{"unique_id":10;"full_node_name":"ComponentManager"}];"tracked":{"camera":1;"yolo":3;"llava":4;"voxtral":10};"available":["camera";"yolo";"llava";"voxtral"]}",2026-07-12T19:46:57Z
9,yolo,unload_retry,0.26,FAIL_PERSISTENT,2868,4560,46162872,"{"loaded":[{"unique_id":10;"full_node_name":"ComponentManager"}];"tracked":{"camera":1;"yolo":3;"llava":4;"voxtral":10};"available":["camera";"yolo";"llava";"voxtral"]}",2026-07-12T19:47:13Z
9,yolo,load,0.29,OK,2868,4560,46166116,"{"loaded":[{"unique_id":10;"full_node_name":"ComponentManager"}];"tracked":{"camera":1;"yolo":3;"llava":4;"voxtral":10};"available":["camera";"yolo";"llava";"voxtral"]}",2026-07-12T19:47:20Z
9,llava,unload,0.26,FAIL,2868,4560,46172020,"{"loaded":[{"unique_id":10;"full_node_name":"ComponentManager"}];"tracked":{"camera":1;"yolo":3;"llava":4;"voxtral":10};"available":["camera";"yolo";"llava";"voxtral"]}",2026-07-12T19:47:26Z
9,llava,unload_retry,0.28,FAIL_PERSISTENT,2868,4560,46168592,"{"loaded":[{"unique_id":10;"full_node_name":"ComponentManager"}];"tracked":{"camera":1;"yolo":3;"llava":4;"voxtral":10};"available":["camera";"yolo";"llava";"voxtral"]}",2026-07-12T19:47:42Z
9,llava,load,0.24,OK,2868,4560,46168656,"{"loaded":[{"unique_id":10;"full_node_name":"ComponentManager"}];"tracked":{"camera":1;"yolo":3;"llava":4;"voxtral":10};"available":["camera";"yolo";"llava";"voxtral"]}",2026-07-12T19:47:48Z
9,voxtral,unload,0.31,OK,2868,4560,46170248,"{"loaded":[];"tracked":{"camera":1;"yolo":3;"llava":4};"available":["camera";"yolo";"llava";"voxtral"]}",2026-07-12T19:47:54Z
9,voxtral,load,0.30,OK,2868,4560,46163492,"{"loaded":[{"unique_id":11;"full_node_name":"ComponentManager"}];"tracked":{"camera":1;"yolo":3;"llava":4;"voxtral":11};"available":["camera";"yolo";"llava";"voxtral"]}",2026-07-12T19:48:00Z
10,yolo,unload,0.24,FAIL,2868,4560,46162560,"{"loaded":[{"unique_id":11;"full_node_name":"ComponentManager"}];"tracked":{"camera":1;"yolo":3;"llava":4;"voxtral":11};"available":["camera";"yolo";"llava";"voxtral"]}",2026-07-12T19:48:06Z
10,yolo,unload_retry,0.34,FAIL_PERSISTENT,2868,4560,46174060,"{"loaded":[{"unique_id":11;"full_node_name":"ComponentManager"}];"tracked":{"camera":1;"yolo":3;"llava":4;"voxtral":11};"available":["camera";"yolo";"llava";"voxtral"]}",2026-07-12T19:48:22Z
10,llava,unload,0.28,FAIL,2868,4560,46170220,"{"loaded":[{"unique_id":11;"full_node_name":"ComponentManager"}];"tracked":{"camera":1;"yolo":3;"llava":4;"voxtral":11};"available":["camera";"yolo";"llava";"voxtral"]}",2026-07-12T19:48:28Z
10,llava,unload_retry,0.26,FAIL_PERSISTENT,2868,4560,46177132,"{"loaded":[{"unique_id":11;"full_node_name":"ComponentManager"}];"tracked":{"camera":1;"yolo":3;"llava":4;"voxtral":11};"available":["camera";"yolo";"llava";"voxtral"]}",2026-07-12T19:48:44Z
10,voxtral,unload,0.28,OK,2868,4560,46176236,"{"loaded":[];"tracked":{"camera":1;"yolo":3;"llava":4};"available":["camera";"yolo";"llava";"voxtral"]}",2026-07-12T19:48:50Z
10,yolo,load,0.27,OK,2868,4560,46168164,"{"loaded":[];"tracked":{"camera":1;"yolo":3;"llava":4};"available":["camera";"yolo";"llava";"voxtral"]}",2026-07-12T19:48:57Z
10,llava,load,0.26,OK,2868,4560,46169556,"{"loaded":[];"tracked":{"camera":1;"yolo":3;"llava":4};"available":["camera";"yolo";"llava";"voxtral"]}",2026-07-12T19:49:03Z
10,voxtral,load,0.33,OK,2868,4560,46172644,"{"loaded":[{"unique_id":12;"full_node_name":"ComponentManager"}];"tracked":{"camera":1;"yolo":3;"llava":4;"voxtral":12};"available":["camera";"yolo";"llava";"voxtral"]}",2026-07-12T19:49:09Z
11,yolo,unload,0.26,FAIL,2868,4560,46167736,"{"loaded":[{"unique_id":12;"full_node_name":"ComponentManager"}];"tracked":{"camera":1;"yolo":3;"llava":4;"voxtral":12};"available":["camera";"yolo";"llava";"voxtral"]}",2026-07-12T19:49:15Z
11,yolo,unload_retry,0.26,FAIL_PERSISTENT,2868,4560,46157468,"{"loaded":[{"unique_id":12;"full_node_name":"ComponentManager"}];"tracked":{"camera":1;"yolo":3;"llava":4;"voxtral":12};"available":["camera";"yolo";"llava";"voxtral"]}",2026-07-12T19:49:31Z
11,yolo,load,0.24,OK,2868,4560,46166636,"{"loaded":[{"unique_id":12;"full_node_name":"ComponentManager"}];"tracked":{"camera":1;"yolo":3;"llava":4;"voxtral":12};"available":["camera";"yolo";"llava";"voxtral"]}",2026-07-12T19:49:37Z
11,llava,unload,0.27,FAIL,2868,4560,46163188,"{"loaded":[{"unique_id":12;"full_node_name":"ComponentManager"}];"tracked":{"camera":1;"yolo":3;"llava":4;"voxtral":12};"available":["camera";"yolo";"llava";"voxtral"]}",2026-07-12T19:49:43Z
11,llava,unload_retry,0.30,FAIL_PERSISTENT,2868,4560,46171180,"{"loaded":[{"unique_id":12;"full_node_name":"ComponentManager"}];"tracked":{"camera":1;"yolo":3;"llava":4;"voxtral":12};"available":["camera";"yolo";"llava";"voxtral"]}",2026-07-12T19:49:59Z
11,llava,load,0.26,OK,2868,4560,46173088,"{"loaded":[{"unique_id":12;"full_node_name":"ComponentManager"}];"tracked":{"camera":1;"yolo":3;"llava":4;"voxtral":12};"available":["camera";"yolo";"llava";"voxtral"]}",2026-07-12T19:50:05Z
11,voxtral,unload,0.31,OK,2868,4560,46167336,"{"loaded":[];"tracked":{"camera":1;"yolo":3;"llava":4};"available":["camera";"yolo";"llava";"voxtral"]}",2026-07-12T19:50:11Z
11,voxtral,load,0.28,OK,2868,4560,46166376,"{"loaded":[{"unique_id":13;"full_node_name":"ComponentManager"}];"tracked":{"camera":1;"yolo":3;"llava":4;"voxtral":13};"available":["camera";"yolo";"llava";"voxtral"]}",2026-07-12T19:50:17Z
12,yolo,unload,0.25,FAIL,2868,4560,46171248,"{"loaded":[{"unique_id":13;"full_node_name":"ComponentManager"}];"tracked":{"camera":1;"yolo":3;"llava":4;"voxtral":13};"available":["camera";"yolo";"llava";"voxtral"]}",2026-07-12T19:50:23Z
12,yolo,unload_retry,0.27,FAIL_PERSISTENT,2868,4560,46169892,"{"loaded":[{"unique_id":13;"full_node_name":"ComponentManager"}];"tracked":{"camera":1;"yolo":3;"llava":4;"voxtral":13};"available":["camera";"yolo";"llava";"voxtral"]}",2026-07-12T19:50:39Z
12,yolo,load,0.25,OK,2868,4560,46162336,"{"loaded":[{"unique_id":13;"full_node_name":"ComponentManager"}];"tracked":{"camera":1;"yolo":3;"llava":4;"voxtral":13};"available":["camera";"yolo";"llava";"voxtral"]}",2026-07-12T19:50:45Z
12,llava,unload,0.26,FAIL,2868,4560,46165364,"{"loaded":[{"unique_id":13;"full_node_name":"ComponentManager"}];"tracked":{"camera":1;"yolo":3;"llava":4;"voxtral":13};"available":["camera";"yolo";"llava";"voxtral"]}",2026-07-12T19:50:52Z
12,llava,unload_retry,0.26,FAIL_PERSISTENT,2868,4560,46168784,"{"loaded":[{"unique_id":13;"full_node_name":"ComponentManager"}];"tracked":{"camera":1;"yolo":3;"llava":4;"voxtral":13};"available":["camera";"yolo";"llava";"voxtral"]}",2026-07-12T19:51:08Z
12,llava,load,0.29,OK,2868,4560,46162084,"{"loaded":[{"unique_id":13;"full_node_name":"ComponentManager"}];"tracked":{"camera":1;"yolo":3;"llava":4;"voxtral":13};"available":["camera";"yolo";"llava";"voxtral"]}",2026-07-12T19:51:14Z
12,voxtral,unload,0.32,OK,2868,4560,46162560,"{"loaded":[];"tracked":{"camera":1;"yolo":3;"llava":4};"available":["camera";"yolo";"llava";"voxtral"]}",2026-07-12T19:51:20Z
12,voxtral,load,0.29,OK,2868,4560,46161344,"{"loaded":[{"unique_id":14;"full_node_name":"ComponentManager"}];"tracked":{"camera":1;"yolo":3;"llava":4;"voxtral":14};"available":["camera";"yolo";"llava";"voxtral"]}",2026-07-12T19:51:26Z
13,yolo,unload,0.27,FAIL,2868,4560,46168352,"{"loaded":[{"unique_id":14;"full_node_name":"ComponentManager"}];"tracked":{"camera":1;"yolo":3;"llava":4;"voxtral":14};"available":["camera";"yolo";"llava";"voxtral"]}",2026-07-12T19:51:32Z
13,yolo,unload_retry,0.27,FAIL_PERSISTENT,2868,4560,46166304,"{"loaded":[{"unique_id":14;"full_node_name":"ComponentManager"}];"tracked":{"camera":1;"yolo":3;"llava":4;"voxtral":14};"available":["camera";"yolo";"llava";"voxtral"]}",2026-07-12T19:51:48Z
13,yolo,load,0.26,OK,2868,4560,46166400,"{"loaded":[{"unique_id":14;"full_node_name":"ComponentManager"}];"tracked":{"camera":1;"yolo":3;"llava":4;"voxtral":14};"available":["camera";"yolo";"llava";"voxtral"]}",2026-07-12T19:51:54Z
13,llava,unload,0.27,FAIL,2868,4560,46165196,"{"loaded":[{"unique_id":14;"full_node_name":"ComponentManager"}];"tracked":{"camera":1;"yolo":3;"llava":4;"voxtral":14};"available":["camera";"yolo";"llava";"voxtral"]}",2026-07-12T19:52:00Z
13,llava,unload_retry,0.25,FAIL_PERSISTENT,2868,4560,46163408,"{"loaded":[{"unique_id":14;"full_node_name":"ComponentManager"}];"tracked":{"camera":1;"yolo":3;"llava":4;"voxtral":14};"available":["camera";"yolo";"llava";"voxtral"]}",2026-07-12T19:52:16Z
13,llava,load,0.25,OK,2868,4560,46159888,"{"loaded":[{"unique_id":14;"full_node_name":"ComponentManager"}];"tracked":{"camera":1;"yolo":3;"llava":4;"voxtral":14};"available":["camera";"yolo";"llava";"voxtral"]}",2026-07-12T19:52:22Z
13,voxtral,unload,0.31,OK,2868,4560,46164180,"{"loaded":[];"tracked":{"camera":1;"yolo":3;"llava":4};"available":["camera";"yolo";"llava";"voxtral"]}",2026-07-12T19:52:28Z
13,voxtral,load,0.29,OK,2868,4560,46157092,"{"loaded":[{"unique_id":15;"full_node_name":"ComponentManager"}];"tracked":{"camera":1;"yolo":3;"llava":4;"voxtral":15};"available":["camera";"yolo";"llava";"voxtral"]}",2026-07-12T19:52:34Z
14,yolo,unload,0.24,FAIL,2868,4560,46171308,"{"loaded":[{"unique_id":15;"full_node_name":"ComponentManager"}];"tracked":{"camera":1;"yolo":3;"llava":4;"voxtral":15};"available":["camera";"yolo";"llava";"voxtral"]}",2026-07-12T19:52:40Z
14,yolo,unload_retry,0.27,FAIL_PERSISTENT,2868,4560,46176608,"{"loaded":[{"unique_id":15;"full_node_name":"ComponentManager"}];"tracked":{"camera":1;"yolo":3;"llava":4;"voxtral":15};"available":["camera";"yolo";"llava";"voxtral"]}",2026-07-12T19:52:56Z
14,yolo,load,0.23,OK,2868,4560,46167320,"{"loaded":[{"unique_id":15;"full_node_name":"ComponentManager"}];"tracked":{"camera":1;"yolo":3;"llava":4;"voxtral":15};"available":["camera";"yolo";"llava";"voxtral"]}",2026-07-12T19:53:03Z
14,llava,unload,0.28,FAIL,2868,4560,46169440,"{"loaded":[{"unique_id":15;"full_node_name":"ComponentManager"}];"tracked":{"camera":1;"yolo":3;"llava":4;"voxtral":15};"available":["camera";"yolo";"llava";"voxtral"]}",2026-07-12T19:53:09Z
14,llava,unload_retry,0.26,FAIL_PERSISTENT,2868,4560,46166768,"{"loaded":[{"unique_id":15;"full_node_name":"ComponentManager"}];"tracked":{"camera":1;"yolo":3;"llava":4;"voxtral":15};"available":["camera";"yolo";"llava";"voxtral"]}",2026-07-12T19:53:25Z
14,llava,load,0.26,OK,2868,4560,46171208,"{"loaded":[{"unique_id":15;"full_node_name":"ComponentManager"}];"tracked":{"camera":1;"yolo":3;"llava":4;"voxtral":15};"available":["camera";"yolo";"llava";"voxtral"]}",2026-07-12T19:53:31Z
14,voxtral,unload,0.26,OK,2868,4560,46164280,"{"loaded":[];"tracked":{"camera":1;"yolo":3;"llava":4};"available":["camera";"yolo";"llava";"voxtral"]}",2026-07-12T19:53:37Z
14,voxtral,load,0.29,OK,2868,4560,46171476,"{"loaded":[{"unique_id":16;"full_node_name":"ComponentManager"}];"tracked":{"camera":1;"yolo":3;"llava":4;"voxtral":16};"available":["camera";"yolo";"llava";"voxtral"]}",2026-07-12T19:53:43Z
15,yolo,unload,0.29,FAIL,2868,4560,46177304,"{"loaded":[{"unique_id":16;"full_node_name":"ComponentManager"}];"tracked":{"camera":1;"yolo":3;"llava":4;"voxtral":16};"available":["camera";"yolo";"llava";"voxtral"]}",2026-07-12T19:53:49Z
15,yolo,unload_retry,0.26,FAIL_PERSISTENT,2868,4560,46165972,"{"loaded":[{"unique_id":16;"full_node_name":"ComponentManager"}];"tracked":{"camera":1;"yolo":3;"llava":4;"voxtral":16};"available":["camera";"yolo";"llava";"voxtral"]}",2026-07-12T19:54:05Z
15,llava,unload,0.28,FAIL,2868,4560,46166632,"{"loaded":[{"unique_id":16;"full_node_name":"ComponentManager"}];"tracked":{"camera":1;"yolo":3;"llava":4;"voxtral":16};"available":["camera";"yolo";"llava";"voxtral"]}",2026-07-12T19:54:11Z
15,llava,unload_retry,0.27,FAIL_PERSISTENT,2868,4560,46165172,"{"loaded":[{"unique_id":16;"full_node_name":"ComponentManager"}];"tracked":{"camera":1;"yolo":3;"llava":4;"voxtral":16};"available":["camera";"yolo";"llava";"voxtral"]}",2026-07-12T19:54:27Z
15,voxtral,unload,0.30,OK,2868,4560,46162960,"{"loaded":[];"tracked":{"camera":1;"yolo":3;"llava":4};"available":["camera";"yolo";"llava";"voxtral"]}",2026-07-12T19:54:33Z
15,yolo,load,0.31,OK,2868,4560,46176616,"{"loaded":[];"tracked":{"camera":1;"yolo":3;"llava":4};"available":["camera";"yolo";"llava";"voxtral"]}",2026-07-12T19:54:39Z
15,llava,load,0.25,OK,2868,4560,46166044,"{"loaded":[];"tracked":{"camera":1;"yolo":3;"llava":4};"available":["camera";"yolo";"llava";"voxtral"]}",2026-07-12T19:54:45Z
15,voxtral,load,0.27,OK,2868,4560,46159916,"{"loaded":[{"unique_id":17;"full_node_name":"ComponentManager"}];"tracked":{"camera":1;"yolo":3;"llava":4;"voxtral":17};"available":["camera";"yolo";"llava";"voxtral"]}",2026-07-12T19:54:51Z
16,yolo,unload,0.24,FAIL,2868,4560,46163364,"{"loaded":[{"unique_id":17;"full_node_name":"ComponentManager"}];"tracked":{"camera":1;"yolo":3;"llava":4;"voxtral":17};"available":["camera";"yolo";"llava";"voxtral"]}",2026-07-12T19:54:57Z
16,yolo,unload_retry,0.26,FAIL_PERSISTENT,2868,4560,46163424,"{"loaded":[{"unique_id":17;"full_node_name":"ComponentManager"}];"tracked":{"camera":1;"yolo":3;"llava":4;"voxtral":17};"available":["camera";"yolo";"llava";"voxtral"]}",2026-07-12T19:55:13Z
16,yolo,load,0.33,OK,2868,4560,46165116,"{"loaded":[{"unique_id":17;"full_node_name":"ComponentManager"}];"tracked":{"camera":1;"yolo":3;"llava":4;"voxtral":17};"available":["camera";"yolo";"llava";"voxtral"]}",2026-07-12T19:55:20Z
16,llava,unload,0.26,FAIL,2868,4560,46168632,"{"loaded":[{"unique_id":17;"full_node_name":"ComponentManager"}];"tracked":{"camera":1;"yolo":3;"llava":4;"voxtral":17};"available":["camera";"yolo";"llava";"voxtral"]}",2026-07-12T19:55:26Z
16,llava,unload_retry,0.26,FAIL_PERSISTENT,2868,4560,46157520,"{"loaded":[{"unique_id":17;"full_node_name":"ComponentManager"}];"tracked":{"camera":1;"yolo":3;"llava":4;"voxtral":17};"available":["camera";"yolo";"llava";"voxtral"]}",2026-07-12T19:55:42Z
16,llava,load,0.25,OK,2868,4560,46163108,"{"loaded":[{"unique_id":17;"full_node_name":"ComponentManager"}];"tracked":{"camera":1;"yolo":3;"llava":4;"voxtral":17};"available":["camera";"yolo";"llava";"voxtral"]}",2026-07-12T19:55:48Z
16,voxtral,unload,0.28,OK,2868,4560,46156992,"{"loaded":[];"tracked":{"camera":1;"yolo":3;"llava":4};"available":["camera";"yolo";"llava";"voxtral"]}",2026-07-12T19:55:54Z
16,voxtral,load,0.28,OK,2868,4560,46158464,"{"loaded":[{"unique_id":18;"full_node_name":"ComponentManager"}];"tracked":{"camera":1;"yolo":3;"llava":4;"voxtral":18};"available":["camera";"yolo";"llava";"voxtral"]}",2026-07-12T19:56:00Z
17,yolo,unload,0.26,FAIL,2868,4560,46163024,"{"loaded":[{"unique_id":18;"full_node_name":"ComponentManager"}];"tracked":{"camera":1;"yolo":3;"llava":4;"voxtral":18};"available":["camera";"yolo";"llava";"voxtral"]}",2026-07-12T19:56:06Z
17,yolo,unload_retry,0.34,FAIL_PERSISTENT,2868,4560,46162800,"{"loaded":[{"unique_id":18;"full_node_name":"ComponentManager"}];"tracked":{"camera":1;"yolo":3;"llava":4;"voxtral":18};"available":["camera";"yolo";"llava";"voxtral"]}",2026-07-12T19:56:22Z
17,yolo,load,0.28,OK,2868,4560,46155292,"{"loaded":[{"unique_id":18;"full_node_name":"ComponentManager"}];"tracked":{"camera":1;"yolo":3;"llava":4;"voxtral":18};"available":["camera";"yolo";"llava";"voxtral"]}",2026-07-12T19:56:28Z
17,llava,unload,0.27,FAIL,2868,4560,46169900,"{"loaded":[{"unique_id":18;"full_node_name":"ComponentManager"}];"tracked":{"camera":1;"yolo":3;"llava":4;"voxtral":18};"available":["camera";"yolo";"llava";"voxtral"]}",2026-07-12T19:56:34Z
17,llava,unload_retry,0.35,FAIL_PERSISTENT,2868,4560,46168848,"{"loaded":[{"unique_id":18;"full_node_name":"ComponentManager"}];"tracked":{"camera":1;"yolo":3;"llava":4;"voxtral":18};"available":["camera";"yolo";"llava";"voxtral"]}",2026-07-12T19:56:50Z
17,llava,load,0.26,OK,2868,4560,46157392,"{"loaded":[{"unique_id":18;"full_node_name":"ComponentManager"}];"tracked":{"camera":1;"yolo":3;"llava":4;"voxtral":18};"available":["camera";"yolo";"llava";"voxtral"]}",2026-07-12T19:56:57Z
17,voxtral,unload,0.29,OK,2868,4560,46174496,"{"loaded":[];"tracked":{"camera":1;"yolo":3;"llava":4};"available":["camera";"yolo";"llava";"voxtral"]}",2026-07-12T19:57:03Z
17,voxtral,load,0.35,OK,2868,4560,46168624,"{"loaded":[{"unique_id":19;"full_node_name":"ComponentManager"}];"tracked":{"camera":1;"yolo":3;"llava":4;"voxtral":19};"available":["camera";"yolo";"llava";"voxtral"]}",2026-07-12T19:57:09Z
18,yolo,unload,0.27,FAIL,2868,4560,46169596,"{"loaded":[{"unique_id":19;"full_node_name":"ComponentManager"}];"tracked":{"camera":1;"yolo":3;"llava":4;"voxtral":19};"available":["camera";"yolo";"llava";"voxtral"]}",2026-07-12T19:57:15Z
18,yolo,unload_retry,0.28,FAIL_PERSISTENT,2868,4560,46170480,"{"loaded":[{"unique_id":19;"full_node_name":"ComponentManager"}];"tracked":{"camera":1;"yolo":3;"llava":4;"voxtral":19};"available":["camera";"yolo";"llava";"voxtral"]}",2026-07-12T19:57:31Z
18,yolo,load,0.25,OK,2868,4560,46163064,"{"loaded":[{"unique_id":19;"full_node_name":"ComponentManager"}];"tracked":{"camera":1;"yolo":3;"llava":4;"voxtral":19};"available":["camera";"yolo";"llava";"voxtral"]}",2026-07-12T19:57:37Z
18,llava,unload,0.31,FAIL,2868,4560,46173984,"{"loaded":[{"unique_id":19;"full_node_name":"ComponentManager"}];"tracked":{"camera":1;"yolo":3;"llava":4;"voxtral":19};"available":["camera";"yolo";"llava";"voxtral"]}",2026-07-12T19:57:43Z
18,llava,unload_retry,0.28,FAIL_PERSISTENT,2868,4560,46185148,"{"loaded":[{"unique_id":19;"full_node_name":"ComponentManager"}];"tracked":{"camera":1;"yolo":3;"llava":4;"voxtral":19};"available":["camera";"yolo";"llava";"voxtral"]}",2026-07-12T19:57:59Z
18,llava,load,0.28,OK,2868,4560,46174376,"{"loaded":[{"unique_id":19;"full_node_name":"ComponentManager"}];"tracked":{"camera":1;"yolo":3;"llava":4;"voxtral":19};"available":["camera";"yolo";"llava";"voxtral"]}",2026-07-12T19:58:05Z
18,voxtral,unload,0.29,OK,2868,4560,46171844,"{"loaded":[];"tracked":{"camera":1;"yolo":3;"llava":4};"available":["camera";"yolo";"llava";"voxtral"]}",2026-07-12T19:58:11Z
18,voxtral,load,0.30,OK,2868,4560,46173304,"{"loaded":[{"unique_id":20;"full_node_name":"ComponentManager"}];"tracked":{"camera":1;"yolo":3;"llava":4;"voxtral":20};"available":["camera";"yolo";"llava";"voxtral"]}",2026-07-12T19:58:17Z
19,yolo,unload,0.24,FAIL,2868,4560,46177876,"{"loaded":[{"unique_id":20;"full_node_name":"ComponentManager"}];"tracked":{"camera":1;"yolo":3;"llava":4;"voxtral":20};"available":["camera";"yolo";"llava";"voxtral"]}",2026-07-12T19:58:23Z
19,yolo,unload_retry,0.26,FAIL_PERSISTENT,2868,4560,46176588,"{"loaded":[{"unique_id":20;"full_node_name":"ComponentManager"}];"tracked":{"camera":1;"yolo":3;"llava":4;"voxtral":20};"available":["camera";"yolo";"llava";"voxtral"]}",2026-07-12T19:58:40Z
19,yolo,load,0.27,OK,2868,4560,46173024,"{"loaded":[{"unique_id":20;"full_node_name":"ComponentManager"}];"tracked":{"camera":1;"yolo":3;"llava":4;"voxtral":20};"available":["camera";"yolo";"llava";"voxtral"]}",2026-07-12T19:58:46Z
19,llava,unload,0.27,FAIL,2868,4560,46177992,"{"loaded":[{"unique_id":20;"full_node_name":"ComponentManager"}];"tracked":{"camera":1;"yolo":3;"llava":4;"voxtral":20};"available":["camera";"yolo";"llava";"voxtral"]}",2026-07-12T19:58:52Z
19,llava,unload_retry,0.26,FAIL_PERSISTENT,2868,4560,46164268,"{"loaded":[{"unique_id":20;"full_node_name":"ComponentManager"}];"tracked":{"camera":1;"yolo":3;"llava":4;"voxtral":20};"available":["camera";"yolo";"llava";"voxtral"]}",2026-07-12T19:59:08Z
19,llava,load,0.24,OK,2868,4560,46171988,"{"loaded":[{"unique_id":20;"full_node_name":"ComponentManager"}];"tracked":{"camera":1;"yolo":3;"llava":4;"voxtral":20};"available":["camera";"yolo";"llava";"voxtral"]}",2026-07-12T19:59:14Z
19,voxtral,unload,0.30,OK,2868,4560,46165292,"{"loaded":[];"tracked":{"camera":1;"yolo":3;"llava":4};"available":["camera";"yolo";"llava";"voxtral"]}",2026-07-12T19:59:20Z
19,voxtral,load,0.32,OK,2868,4560,46174620,"{"loaded":[{"unique_id":21;"full_node_name":"ComponentManager"}];"tracked":{"camera":1;"yolo":3;"llava":4;"voxtral":21};"available":["camera";"yolo";"llava";"voxtral"]}",2026-07-12T19:59:26Z
20,yolo,unload,0.28,FAIL,2868,4560,46174840,"{"loaded":[{"unique_id":21;"full_node_name":"ComponentManager"}];"tracked":{"camera":1;"yolo":3;"llava":4;"voxtral":21};"available":["camera";"yolo";"llava";"voxtral"]}",2026-07-12T19:59:32Z
20,yolo,unload_retry,0.26,FAIL_PERSISTENT,2868,4560,46167092,"{"loaded":[{"unique_id":21;"full_node_name":"ComponentManager"}];"tracked":{"camera":1;"yolo":3;"llava":4;"voxtral":21};"available":["camera";"yolo";"llava";"voxtral"]}",2026-07-12T19:59:48Z
20,llava,unload,0.26,FAIL,2868,4560,46168884,"{"loaded":[{"unique_id":21;"full_node_name":"ComponentManager"}];"tracked":{"camera":1;"yolo":3;"llava":4;"voxtral":21};"available":["camera";"yolo";"llava";"voxtral"]}",2026-07-12T19:59:54Z
20,llava,unload_retry,0.23,FAIL_PERSISTENT,2868,4560,46164480,"{"loaded":[{"unique_id":21;"full_node_name":"ComponentManager"}];"tracked":{"camera":1;"yolo":3;"llava":4;"voxtral":21};"available":["camera";"yolo";"llava";"voxtral"]}",2026-07-12T20:00:10Z
20,voxtral,unload,0.28,OK,2868,4560,46170204,"{"loaded":[];"tracked":{"camera":1;"yolo":3;"llava":4};"available":["camera";"yolo";"llava";"voxtral"]}",2026-07-12T20:00:16Z
20,yolo,load,0.35,OK,2868,4560,46177480,"{"loaded":[];"tracked":{"camera":1;"yolo":3;"llava":4};"available":["camera";"yolo";"llava";"voxtral"]}",2026-07-12T20:00:22Z
20,llava,load,0.27,OK,2868,4560,46168524,"{"loaded":[];"tracked":{"camera":1;"yolo":3;"llava":4};"available":["camera";"yolo";"llava";"voxtral"]}",2026-07-12T20:00:28Z
20,voxtral,load,0.27,OK,2868,4560,46163916,"{"loaded":[{"unique_id":22;"full_node_name":"ComponentManager"}];"tracked":{"camera":1;"yolo":3;"llava":4;"voxtral":22};"available":["camera";"yolo";"llava";"voxtral"]}",2026-07-12T20:00:34Z
21,all,final,0,OK,2868,4560,46175188,"{"loaded":[{"unique_id":22;"full_node_name":"ComponentManager"}];"tracked":{"camera":1;"yolo":3;"llava":4;"voxtral":22};"available":["camera";"yolo";"llava";"voxtral"]}",2026-07-12T20:00:41Z
